Unnamed: 0,Mean,Zero Crossing Rate,Range,Energy,RMS,Variance,Approximation,Detail 1,Detail 2,Approximation,Detail 1,Detail 2
0,0.0010800593092213,0.1111111111111111,0.0025939959564235,3.1496291515912705e-05,0.0012875168167713,4.911714420333681e-07,-0.5451013867414116,0.19752354995763,0.4509670615657889,-0.5451013867414116,0.19752354995763002,0.4509670615657889
1,0.0011025459614751,0.1666666666666666,0.0028686543518096,3.296838138973111e-05,0.0013172615411832,5.195703707153401e-07,-0.2513226393073138,0.6401236230085237,1.0855356727516845,-0.2513226393073138,0.6401236230085237,1.0855356727516843
2,0.0011908863810437,0.1666666666666666,0.0030212423492462,3.764690844217026e-05,0.0014076278747589,5.632058612428546e-07,-0.6062455681020276,0.2525054754138686,-0.6163508246159712,-0.6062455681020276,0.2525054754138686,-0.6163508246159712
3,0.0013017134528662,0.1111111111111111,0.0030517599487336,4.3754684470018216e-05,0.0015175236835057,6.08420216628051e-07,-0.3174118012957526,1.0639944377279338,-0.3837022467495795,-0.31741180129575264,1.0639944377279338,-0.3837022467495795
4,0.0014029033880084,0.1111111111111111,0.0029907247497589,4.934811336873533e-05,0.0016116045186925,6.291312085847074e-07,-0.4826858272957683,-0.4063223556801613,0.57142196959187,-0.48268582729576837,-0.40632235568016134,0.57142196959187
5,0.0014655447764298,0.1111111111111111,0.0028686543518096,5.237751356104164e-05,0.0016603346771223,6.088897483340939e-07,-0.3295130381937557,-1.2049126553174507,0.1430934812435375,-0.3295130381937557,-1.2049126553174507,0.14309348124353757
6,0.0014735757236633,0.0,0.0027771015533476,5.238610909946095e-05,0.0016604709081503,5.857382234438305e-07,0.3143837441201323,0.2591695801805094,-2.052481924245825,0.3143837441201323,0.25916958018050945,-2.052481924245825
7,0.0014125405246886,0.0,0.0025024431579615,4.836302905353032e-05,0.001595438053252,5.501518478770496e-07,0.4551756905864559,0.0688475892185685,0.4792285659572775,0.4551756905864559,0.06884758921856855,0.47922856595727753
8,0.0012985010739728,0.0,0.0025024431579615,4.206331485731243e-05,0.0014879041221465,5.277536375920858e-07,0.066811686912181,1.2962205915663327,1.0065574566311166,0.06681168691218103,1.2962205915663327,1.0065574566311166
9,0.001125032613729,0.1111111111111111,0.0024719255584742,3.4229992067015404e-05,0.0013422289409198,5.358801478889803e-07,0.0703775057798364,-0.3788098389914181,-2.294145427444852,0.0703775057798364,-0.3788098389914181,-2.294145427444852
10,0.0009033784700841,0.2222222222222222,0.0029602071502716,2.783335160399675e-05,0.0012103360038913,6.488205821040398e-07,0.0,0.0,2.7303857838229835,0.0,0.0,2.7303857838229835
11,0.0006415695902717,0.2777777777777778,0.003540041540531,2.602427577263176e-05,0.0011703412856407,9.58087185713911e-07,0.0,0.0,-2.073076996627651,0.0,0.0,-2.073076996627651
12,0.0003396059742917,0.2222222222222222,0.0042419463287397,3.155203266216233e-05,0.0012886556165277,1.5453010802338757e-06,0.0,0.0,0.8831932555526377,0.0,0.0,0.8831932555526377
13,8.730948271183852e-06,0.3333333333333333,0.0050354039154104,4.53827042074796e-05,0.0015454977772035,2.388487149883317e-06,0.0,0.0,0.0,0.0,0.0,0.0
14,-0.0003333874038763,0.3333333333333333,0.0059814494995179,6.428227255038789e-05,0.0018393687783182,3.2721303415886e-06,0.0,0.0,0.0,0.0,0.0,0.0
15,-0.0006562314826634,0.3333333333333333,0.0066223190887519,8.424592545893972e-05,0.0021057056006921,4.003356317947687e-06,0.0,0.0,0.0,0.0,0.0,0.0
16,-0.0009180403624758,0.3333333333333333,0.0069580126831126,9.90274531986299e-05,0.0022829742050624,4.369173113845786e-06,0.0,0.0,0.0,0.0,0.0,0.0
17,-0.0010642036021256,0.3333333333333333,0.0070190478820873,0.000103925122823,0.0023387482349491,4.3372139997004135e-06,0.0,0.0,0.0,0.0,0.0,0.0
18,-0.0010561726548921,0.3333333333333333,0.0066833542877266,9.661351267672584e-05,0.0022549770996237,3.96942104288567e-06,0.0,0.0,0.0,0.0,0.0,0.0
19,-0.0008570051635011,0.3333333333333333,0.0060730022979799,7.831643368016829e-05,0.0020302506155925,3.3874597118464915e-06,,,,,,
20,-0.0004554578018256,0.3333333333333333,0.0050048863159231,5.512038645212021e-05,0.0017032536426393,2.69363116192035e-06,,,,,,
21,0.0001436508617941,0.2777777777777778,0.0043640167266891,3.830078101510368e-05,0.0014197994857522,1.9951950096480983e-06,,,,,,
22,0.0009162279856577,0.3333333333333333,0.004089358331303,4.507808633535844e-05,0.0015403021975429,1.5330571380532218e-06,,,,,,
23,0.0018108755074707,0.1111111111111111,0.0046081575225877,9.1002181345084e-05,0.0021885128493674,1.51031838828915e-06,,,,,,
24,0.0027745891754918,0.1111111111111111,0.0054931679077205,0.0001861290226926,0.0031298984571782,2.097919259489919e-06,,,,,,
25,0.0037013604862388,0.1111111111111111,0.0067749070861886,0.0003235062517666,0.0041263355207524,3.326575380733252e-06,,,,,,
26,0.0045349728090771,0.1111111111111111,0.0080261286651694,0.0004876956799167,0.0050663787540835,5.102215300760115e-06,,,,,,
27,0.005182267156098,0.1111111111111111,0.0089721742492768,0.0006459234044746,0.0058306061997498,7.140075779389179e-06,,,,,,
28,0.0056143321172608,0.1111111111111111,0.0097656318359476,0.0007743449024591,0.0063839638835344,9.23426974336522e-06,,,,,,
29,0.0057797696302711,0.2222222222222222,0.0101318430297956,0.0008455164172767,0.0066708967963234,1.109512708819431e-05,,,,,,
30,0.0057235529996365,0.2222222222222222,0.0112915118103144,0.0008584407660214,0.006721688251362,1.2422034008849362e-05,,,,,,
31,0.0054633503092708,0.2222222222222222,0.0121154869964725,0.0008151496360438,0.0065500085819304,1.3054415821552823e-05,,,,,,
32,0.005074652463169,0.1111111111111111,0.0123596277923712,0.0007330058438236,0.0062112200844992,1.2827157316139044e-05,,,,,,
33,0.0045960080080518,0.1111111111111111,0.0120544517974978,0.0006312552913782,0.0057640231352865,1.210067309404208e-05,,,,,,
34,0.0040659654906402,0.1111111111111111,0.0114440998077511,0.0005207731417056,0.0052353713069225,1.0877037350271052e-05,,,,,,
35,0.0035070115631879,0.1111111111111111,0.010528571823131,0.0004135815215748,0.0046655598274953,9.468318399604852e-06,,,,,,
36,0.0029368143096087,0.2222222222222222,0.0094299382415869,0.0003194439691756,0.0041003463857251,8.187962193806039e-06,,,,,,
37,0.0023569799193493,0.3333333333333333,0.0084838926574795,0.0002450967928457,0.0035916335005685,7.344476862190109e-06,,,,,,
38,0.0017996321813438,0.4444444444444444,0.0085144102569668,0.000200580518489,0.0032491336374729,7.318193406029869e-06,,,,,,
39,0.0012599525272519,0.5,0.0096130438385109,0.0001880286809369,0.0031458299962178,8.308765994175045e-06,,,,,,
40,0.0007299100098403,0.5,0.010986335815441,0.0002057469884311,0.0032907125162794,1.0296020242333035e-05,,,,,,
41,0.0001821994085149,0.2777777777777778,0.0121765221954472,0.000250375429422,0.0036301038800708,1.3144457555642416e-05,,,,,,
42,-0.0004217278234449,0.2777777777777778,0.0131836029785293,0.0003146151246049,0.0040692371236733,1.638083641161376e-05,,,,,,
43,-0.0010931150121663,0.1666666666666666,0.0141906837616114,0.0004003610189997,0.0045903847963906,1.9876732149110748e-05,,,,,,
44,-0.0018480240521162,0.1666666666666666,0.0155029405395668,0.0005093263212957,0.0051775137362687,2.339145559205114e-05,,,,,,
45,-0.0026398754493402,0.1666666666666666,0.017700207702655,0.0006471737883666,0.0058362469391797,2.7092835947055312e-05,,,,,,
46,-0.0034397577937978,0.2777777777777778,0.0197754044677939,0.0008117900840527,0.0065364970662821,3.0893860217522096e-05,,,,,,
47,-0.0041898482654076,0.2777777777777778,0.0216369780365214,0.000992505637444,0.0072275264657313,3.468231032570728e-05,,,,,,
48,-0.0048997840008498,0.1666666666666666,0.0232544108093503,0.0011839241016404,0.0078937820354492,3.83039115681968e-05,,,,,,
49,-0.0055792021368047,0.1666666666666666,0.0246582203857677,0.00137643209522,0.008511392041568,4.1316298001940346e-05,,,,,,
50,-0.0062778945461201,0.1666666666666666,0.0258178891662865,0.0015868284451609,0.0091387792722779,4.410532665521262e-05,,,,,,
51,-0.0070135293127095,0.1666666666666666,0.0267334171509066,0.0018169259690826,0.0097789407700065,4.6438089163060085e-05,,,,,,
52,-0.0077700445421061,0.1111111111111111,0.0277099803345014,0.0020763456698968,0.0104537720965784,4.890775886088712e-05,,,,,,
53,-0.0085024669298022,0.1111111111111111,0.0289001667145075,0.002351357304631,0.0111245515690367,5.146370371977722e-05,,,,,,
54,-0.0091465488979297,0.1111111111111111,0.0298462122986149,0.002615986096655,0.0117338603524721,5.402412202909744e-05,,,,,,
55,-0.0096557109525342,0.1111111111111111,0.0306091522857983,0.0028446526120153,0.0122359535193266,5.648580452823265e-05,,,,,,
56,-0.0100106788202553,0.1111111111111111,0.031127951477083,0.0030206848033359,0.0126088623873009,5.876972025958444e-05,,,,,,
57,-0.0102580319950474,0.1111111111111111,0.0314331274719564,0.0031612634258344,0.012898925752567,6.115506515881963e-05,,,,,,
58,-0.0104443499708648,0.1111111111111111,0.0315857154693931,0.0032857373567174,0.0131504199587082,6.384909877648801e-05,,,,,,
59,-0.0106242431888954,0.2222222222222222,0.0318908914642664,0.0034178483143026,0.0134121867487875,6.701221004756037e-05,,,,,,
60,-0.0108121673541596,0.2222222222222222,0.0325012434540132,0.0035652243879564,0.013698298757138,7.074042594545607e-05,,,,,,
61,-0.0110033038983171,0.2222222222222222,0.0330810778442726,0.0037227536690837,0.0139976570766678,7.486170695726758e-05,,,,,,
62,-0.011197652821368,0.3333333333333333,0.0336303946350446,0.0038850866333269,0.0142995889402216,7.909081515141846e-05,,,,,,
63,-0.0113598779554849,0.3333333333333333,0.0342407466247913,0.0040399381960244,0.0145817806219456,8.358149894303684e-05,,,,,,
64,-0.0115044350056881,0.3333333333333333,0.0347595458160761,0.0041826597351766,0.014837115152951,8.778796126182703e-05,,,,,,
65,-0.0116586291925715,0.3333333333333333,0.0352478274078734,0.0043263495948142,0.0150898180987506,9.177897560350158e-05,,,,,,
66,-0.0118208543266884,0.3333333333333333,0.0356140386017215,0.0044631129851441,0.0153264700250462,9.516808641585286e-05,,,,,,
67,-0.0119959289763789,0.3333333333333333,0.0358581793976202,0.0045960967213776,0.0155531291848595,9.799751543460112e-05,,,,,,
68,-0.0121179993743282,0.3333333333333333,0.0359192145965948,0.0046836658585927,0.0157005964663644,9.9662820563397e-05,,,,,,
69,-0.0121693974366227,0.3333333333333333,0.0358581793976202,0.0047189393146231,0.0157596074534053,0.0001002709931149,,,,,,
70,-0.0121228179426683,0.3333333333333333,0.0357055914001835,0.0046938516196774,0.0157176595614069,0.0001000821072172,,,,,,
71,-0.0120087784919525,0.3333333333333333,0.0355835210022341,0.00462658047277,0.0156046222449936,9.929347454016998e-05,,,,,,
72,-0.0118915266623432,0.3333333333333333,0.0354919682037721,0.0045574672526805,0.0154876304678766,9.845829114827956e-05,,,,,,
73,-0.0118208543266884,0.3333333333333333,0.0354614506042848,0.0045134808431395,0.0154127097981871,9.781902631034684e-05,,,,,,
74,-0.0118256728950285,0.3333333333333333,0.0354004154053101,0.0045071803089276,0.0154019484565865,9.73734768391358e-05,,,,,,
75,-0.0119043761779169,0.3333333333333333,0.0353393802063355,0.0045401088964359,0.0154581078988477,9.72389276270646e-05,,,,,,
76,-0.012000747544719,0.2222222222222222,0.0350952394104368,0.0045747571691761,0.0155169807989355,9.675875148245516e-05,,,,,,
77,-0.0120457208492266,0.2222222222222222,0.0346985106171014,0.0045780342329367,0.0155225374908409,9.584977937706896e-05,,,,,,
78,-0.0120135970602926,0.2222222222222222,0.0341797114258167,0.0045334153604132,0.0154467086605141,9.427429411573234e-05,,,,,,
79,-0.0118867080940031,0.2222222222222222,0.0335388418365826,0.0044317693909492,0.0152725577614319,9.195719126423474e-05,,,,,,
80,-0.0117068148759725,0.2222222222222222,0.0328064194488865,0.0042911982872519,0.0150283911791753,8.880302689402258e-05,,,,,,
81,-0.011499616437348,0.2222222222222222,0.0320434794617031,0.0041267496969546,0.0147376169196819,8.495617426517041e-05,,,,,,
82,-0.0112908118092767,0.2222222222222222,0.0311889866760577,0.0039576957528029,0.0144325942388508,8.081734515080668e-05,,,,,,
83,-0.0110643390972918,0.2222222222222222,0.0302429410919503,0.0037775865328616,0.0141003667978823,7.64007441749615e-05,,,,,,
84,-0.0108073487858195,0.2222222222222222,0.0292358603088682,0.0035859921072965,0.0137381376721816,7.193763892146178e-05,,,,,,
85,-0.010497354222606,0.2222222222222222,0.0281067091278367,0.0033719327657262,0.0133217921303607,6.727569988967563e-05,,,,,,
86,-0.0101584482493519,0.2222222222222222,0.026947040347318,0.0031507272137573,0.0128774123212891,6.26336772577282e-05,,,,,,
87,-0.0098323917916714,0.2222222222222222,0.0258178891662865,0.0029380168564101,0.0124351303220693,5.7956537781920055e-05,,,,,,
88,-0.0095368529334782,0.2222222222222222,0.0251770195770524,0.0027486027541134,0.0120276058651785,5.371173897328483e-05,,,,,,
89,-0.009328048305407,0.2222222222222222,0.0246277027862804,0.0026009003411995,0.0116999782752825,4.987700645407543e-05,,,,,,
90,-0.0091834912552038,0.2222222222222222,0.0242004563934577,0.0024866679994897,0.0114401601007607,4.6540751496632994e-05,,,,,,
91,-0.0090582084783611,0.2222222222222222,0.0238952803985843,0.0023913466077596,0.0112187498312791,4.380920693937195e-05,,,,,,
92,-0.0089281071331782,0.2222222222222222,0.0235595868042236,0.0022997552963369,0.0110018067806514,4.132865545728071e-05,,,,,,
93,-0.0087498201045943,0.1111111111111111,0.0232849284088376,0.0022019794134545,0.0107653914624464,3.933430147695222e-05,,,,,,
94,-0.0085185288242692,0.1111111111111111,0.0230407876129389,0.0020939054297153,0.0104978830690948,3.764021560248264e-05,,,,,,
95,-0.0082422642394365,0.1111111111111111,0.0227661292175529,0.0019782945067955,0.0102039582278424,3.618584372285966e-05,,,,,,
96,-0.0079467253812433,0.1111111111111111,0.0223999180237048,0.0018616428764759,0.0098985455509913,3.483075974015296e-05,,,,,,
97,-0.0076319122496898,0.1111111111111111,0.0220031892303695,0.0017447645158264,0.0095827820260761,3.358362677232348e-05,,,,,,
98,-0.0073187053075829,0.1111111111111111,0.0214233548401101,0.0016309417860975,0.0092649361235551,3.227559399431353e-05,,,,,,
99,-0.0069781931448821,0.1111111111111111,0.020782485250876,0.0015123318466293,0.0089216821833381,3.090123341321369e-05,,,,,,
100,-0.0066200128982676,0.1111111111111111,0.0199585100647179,0.0013889959084496,0.0085501489936223,2.928047703991203e-05,,,,,,
101,-0.0062521955149728,0.1111111111111111,0.0191650524780472,0.0012690986743775,0.0081728004424738,2.770471831505429e-05,,,,,,
102,-0.0058875905105715,0.1111111111111111,0.0186767708862498,0.001154519214202,0.0077951375336505,2.610044714835489e-05,,,,,,
103,-0.0055261978850636,0.1111111111111111,0.0182495244934271,0.0010553437655269,0.0074528121344863,2.500554564706482e-05,,,,,,
104,-0.0051615928806622,0.2222222222222222,0.0179138308990664,0.0009656027131902,0.0071288986127638,2.4179154365362296e-05,,,,,,
105,-0.0047600455189867,0.2222222222222222,0.0176696901031677,0.0008826138103167,0.0068156700652042,2.3795325094895016e-05,,,,,,
106,-0.0043103124739102,0.2222222222222222,0.017517102105731,0.0008077920369506,0.0065203811518824,2.3936576743077727e-05,,,,,,
107,-0.0038123937454326,0.2222222222222222,0.017425549307269,0.0007437339240652,0.0062565078710314,2.4609544670063976e-05,,,,,,
108,-0.0032839574174677,0.3333333333333333,0.0173645141082943,0.0006924664937722,0.0060370195407488,2.5661228615641792e-05,,,,,,
109,-0.0027683706050764,0.3333333333333333,0.0173950317077817,0.0006589218150889,0.0058889808567354,2.70162197239451e-05,,,,,,
110,-0.0023218499388932,0.3333333333333333,0.017517102105731,0.00064390026251,0.0058214678132346,2.849850036178769e-05,,,,,,
111,-0.0019668820711721,0.2777777777777778,0.0180053836975284,0.0006430202903653,0.0058174885626981,2.99745480952248e-05,,,,,,
112,-0.0016986484335729,0.2777777777777778,0.0182800420929144,0.0006469753073115,0.0058353519143033,3.1165925462883964e-05,,,,,,
113,-0.0014834190477148,0.2777777777777778,0.0185852180877878,0.000656273782081,0.0058771358137009,3.234019330156249e-05,,,,,,
114,-0.0012794329879837,0.2777777777777778,0.0189209116821485,0.0006649656659327,0.0059159270570071,3.336124417308784e-05,,,,,,
115,-0.0010320798131916,0.2777777777777778,0.0191955700775345,0.0006728233058324,0.0059507775070615,3.434656419775223e-05,,,,,,
116,-0.0007429657127853,0.2777777777777778,0.0197143692688192,0.0006812427135492,0.0059878944262977,3.530288161011259e-05,,,,,,
117,-0.0004056659289779,0.2777777777777778,0.0201110980621546,0.0006890263774742,0.0060220051629715,3.609998133692276e-05,,,,,,
118,-4.266711402327737e-05,0.2777777777777778,0.020324721258566,0.0006941285122245,0.0060442600532045,3.653125910814575e-05,,,,,,
119,0.0003203317009313,0.2777777777777778,0.0203552388580533,0.0006945907914122,0.0060462724115217,3.6454797675707856e-05,,,,,,
120,0.000672087189759,0.3888888888888889,0.020324721258566,0.0006930550818077,0.0060395846920992,3.6024882062401295e-05,,,,,,
121,0.0009852941318659,0.3888888888888889,0.020233168460104,0.0006908030900717,0.0060297642882782,3.538725284590613e-05,,,,,,
122,0.001248709201125,0.3888888888888889,0.0201416156616419,0.0006894037978664,0.0060236542409092,3.4725135745049645e-05,,,,,,
123,0.001447876692516,0.3888888888888889,0.0199585100647179,0.0006877774162945,0.0060165448044472,3.4102464467189834e-05,,,,,,
124,0.0015763718482522,0.3888888888888889,0.0198059220672812,0.0006881757155951,0.0060182866752099,3.373482630104742e-05,,,,,,
125,0.0016358008577802,0.3888888888888889,0.0195922988708699,0.0006864217508982,0.0060106123293382,3.345161612727838e-05,,,,,,
126,0.0016598936994807,0.3888888888888889,0.0194091932739459,0.0006830966341987,0.0059960365602216,3.319720733793935e-05,,,,,,
127,0.0016647122678208,0.3888888888888889,0.0192260876770219,0.0006796182676868,0.0059807509988154,3.299811557519906e-05,,,,,,
128,0.0016936236778614,0.3888888888888889,0.0190124644806105,0.0006767524218335,0.0059681277229592,3.2750187355341246e-05,,,,,,
129,0.0017578712557295,0.3888888888888889,0.0188293588836865,0.0006806768669977,0.0059854071092148,3.273498691131924e-05,,,,,,
130,0.0018686983275519,0.3888888888888889,0.0186157356872751,0.000690735318918,0.0060294685063753,3.286245702997624e-05,,,,,,
131,0.0020004058621815,0.3888888888888889,0.0183410772918891,0.0007023729202335,0.0060800489966581,3.296537218831392e-05,,,,,,
132,0.0021417505334913,0.3888888888888889,0.0180053836975284,0.000712969557801,0.0061257418790279,3.293761822076662e-05,,,,,,
133,0.0022622147419939,0.4444444444444444,0.017608654904193,0.0007166859504572,0.0061416865095801,3.2602697643063955e-05,,,,,,
134,0.0023601922982427,0.4444444444444444,0.0172729613098323,0.0007124780414095,0.0061236299924727,3.192833660002682e-05,,,,,,
135,0.0024372893916844,0.4444444444444444,0.0174865845062437,0.000702963824805,0.0060826060239317,3.105771646355288e-05,,,,,,
136,0.0025079617273393,0.4444444444444444,0.0176391725036804,0.0006915011077479,0.0060328098879901,3.010492311883236e-05,,,,,,
137,0.0025834526313343,0.4444444444444444,0.0178527957000917,0.0006859589447604,0.0060085857201021,2.942887485746693e-05,,,,,,
138,0.0026380630725222,0.3333333333333333,0.0180969364959904,0.0006842132338043,0.0060009351631065,2.9051846057203653e-05,,,,,,
139,0.0026782178086897,0.3333333333333333,0.0184631476898384,0.0006840028914015,0.0060000126815722,2.8827301548244576e-05,,,,,,
140,0.0027071292187303,0.3888888888888889,0.0188293588836865,0.0006838695498076,0.0059994278227514,2.86645855934999e-05,,,,,,
141,0.00269267351371,0.3888888888888889,0.0191040172790725,0.0006775575833609,0.0059716769370127,2.8410434788614743e-05,,,,,,
142,0.0026750054297963,0.3888888888888889,0.0192566052765092,0.0006683900924534,0.0059311403556654,2.8022771869162963e-05,,,,,,
143,0.0026701868614562,0.3888888888888889,0.0193176404754839,0.0006629463762096,0.0059069378308352,2.7762016662258747e-05,,,,,,
144,0.0026942797031567,0.3888888888888889,0.0193481580749712,0.0006614429290165,0.005900236074744,2.7553642618868216e-05,,,,,,
145,0.0027585272810248,0.2777777777777778,0.0194397108734332,0.0006723951441676,0.0059488837704301,2.7779745353928672e-05,,,,,,
146,0.0028613234056137,0.2777777777777778,0.0195617812713826,0.0006908995587182,0.0060301852931219,2.817596303787077e-05,,,,,,
147,0.0029576947724158,0.2777777777777778,0.0196838516693319,0.0007107002052089,0.0061159851175723,2.865731559158985e-05,,,,,,
148,0.0030283671080707,0.2777777777777778,0.0197448868683066,0.0007266947787369,0.006184423466883,2.9076086276489243e-05,,,,,,
149,0.003042822813091,0.2777777777777778,0.0197448868683066,0.000734314323909,0.0062167614005205,2.93893516391341e-05,,,,,,
150,0.0029978495085834,0.2777777777777778,0.0195617812713826,0.0007287885143702,0.0061933262654259,2.937018855390065e-05,,,,,,
151,0.0029079028995681,0.2777777777777778,0.0193786756744585,0.000717466811368,0.0061450314177091,2.930551185131553e-05,,,,,,
152,0.0028067129644259,0.2777777777777778,0.0193176404754839,0.0007057042930983,0.0060944508543182,2.9264693551024275e-05,,,,,,
153,0.0027247973026441,0.2777777777777778,0.0192566052765092,0.0006980121728739,0.0060611453358948,2.931296244234328e-05,,,,,,
154,0.0026862487559232,0.2777777777777778,0.0192566052765092,0.0006994397983106,0.006067340518194,2.9596688585020064e-05,,,,,,
155,0.002676611619243,0.2777777777777778,0.0192871228759965,0.00070511316703,0.0060918978420007,2.9946969557106138e-05,,,,,,
156,0.0026733992403496,0.2777777777777778,0.0193786756744585,0.0007110903182327,0.0061176634610587,3.027874272447159e-05,,,,,,
157,0.002660549724776,0.2777777777777778,0.0194702284729205,0.0007164879296346,0.0061408379748536,3.0631366195398805e-05,,,,,,
158,0.0026043330941414,0.2777777777777778,0.0195617812713826,0.0007164687391164,0.0061407557357483,3.092633014088613e-05,,,,,,
159,0.0025063555378926,0.2777777777777778,0.0196533340698446,0.0007131757656469,0.0061266276705048,3.1253748530670275e-05,,,,,,
160,0.0024115903605372,0.2777777777777778,0.0198364396667686,0.0007164040074238,0.0061404783262332,3.188970600790438e-05,,,,,,
161,0.0023505551615625,0.2777777777777778,0.0201416156616419,0.0007258515959561,0.0061808345372318,3.267760600908955e-05,,,,,,
162,0.0023569799193493,0.2777777777777778,0.020599379653952,0.0007490100664169,0.0062786608797575,3.3866228102781384e-05,,,,,,
163,0.0024565636650448,0.2777777777777778,0.021057143646262,0.0007855653149306,0.0064300499913366,3.531083785066993e-05,,,,,,
164,0.0026268197463953,0.2777777777777778,0.0214843900390847,0.0008291893289211,0.0066061746591677,3.6741361647377206e-05,,,,,,
165,0.0028243810483396,0.2777777777777778,0.0218200836334454,0.0008699223085889,0.0067664898331834,3.780825635635519e-05,,,,,,
166,0.0030171237819438,0.2777777777777778,0.0219726716308821,0.0009030397247283,0.0068940848968264,3.842537064907864e-05,,,,,,
167,0.0031729241582739,0.2777777777777778,0.0219726716308821,0.0009235171618448,0.0069718122760792,3.853871869873081e-05,,,,,,
168,0.00329660074567,0.2777777777777778,0.0219421540313948,0.0009358111328711,0.0070180636588402,3.83856410431827e-05,,,,,,
169,0.0033993968702589,0.2777777777777778,0.0219116364319075,0.0009481688098239,0.0070642495404451,3.834772248815294e-05,,,,,,
170,0.0035054053737412,0.2777777777777778,0.0219116364319075,0.0009640693282597,0.0071232359894249,3.845262412678544e-05,,,,,,
171,0.0036146262561169,0.2777777777777778,0.0219421540313948,0.0009833767148924,0.007194210811817,3.869114623345516e-05,,,,,,
172,0.003710997622919,0.1666666666666666,0.0219726716308821,0.0010034362694213,0.0072672164707473,3.9040931875389787e-05,,,,,,
173,0.0037623956852135,0.1666666666666666,0.0219116364319075,0.0010139709096772,0.0073052645388798,3.921126869090178e-05,,,,,,
174,0.0037399090329597,0.1666666666666666,0.0217285308349834,0.0010075292755879,0.007282022837776,3.904093703507888e-05,,,,,,
175,0.0036371129083708,0.1666666666666666,0.0214233548401101,0.0009828483210753,0.0071922777340675,3.850026869572607e-05,,,,,,
176,0.0034925558581676,0.0555555555555555,0.0210876612457494,0.0009499799188286,0.0070709930770892,3.780099667382328e-05,,,,,,
177,0.003328724534604,0.0555555555555555,0.0208130028503633,0.0009164087856811,0.0069449291826224,3.715163432436612e-05,,,,,,
178,0.0031986231894211,0.0555555555555555,0.020690932452414,0.0008923501605232,0.0068531597035438,3.673460761437489e-05,,,,,,
179,0.0031231322854261,0.0555555555555555,0.0206298972534393,0.0008793105494875,0.0068029039831978,3.652554733233707e-05,,,,,,
180,0.0030990394437256,0.0555555555555555,0.0205383444549773,0.00086935498768,0.0067642830859871,3.615148019360422e-05,,,,,,
181,0.0031086765804058,0.0555555555555555,0.020416274057028,0.0008585239473216,0.0067220139029659,3.552160083010329e-05,,,,,,
182,0.0031102827698525,0.0555555555555555,0.0201110980621546,0.0008392614182679,0.0066461758623325,3.449779468461062e-05,,,,,,
183,0.0030974332542789,0.0555555555555555,0.0198364396667686,0.0008172036017327,0.0065582555516439,3.3416623115955494e-05,,,,,,
184,0.003070128033685,0.0555555555555555,0.0195922988708699,0.000799329838861,0.006486138413494,3.264430537578405e-05,,,,,,
185,0.0030460351919845,0.0555555555555555,0.0194091932739459,0.0007885342229151,0.0064421891625488,3.2223470815253706e-05,,,,,,
186,0.0030187299713905,0.0555555555555555,0.0193481580749712,0.0007877241761448,0.0064388793408106,3.234643652534614e-05,,,,,,
187,0.00299463712969,0.0555555555555555,0.0191955700775345,0.0007894138881137,0.0064457815177375,3.2580247835888215e-05,,,,,,
188,0.002978575235223,0.0555555555555555,0.0191345348785598,0.0007925557476326,0.0064585958537222,3.284154996983463e-05,,,,,,
189,0.0029400266885021,0.0555555555555555,0.0191955700775345,0.0007849569820392,0.0064275598301755,3.266976844138099e-05,,,,,,
190,0.0028982657628879,0.0555555555555555,0.0191345348785598,0.0007669254409097,0.00635330598114,3.196455245766105e-05,,,,,,
191,0.0028291996166797,0.0555555555555555,0.0189514292816358,0.0007409778518173,0.0062449046675008,3.099446383515311e-05,,,,,,
192,0.0027553149021314,0.1666666666666666,0.0186767708862498,0.0007114324304081,0.006119134916534,2.9852051916838407e-05,,,,,,
193,0.0026878549453699,0.1666666666666666,0.0183105596924018,0.0006858918725752,0.006008291957021,2.8875008033454155e-05,,,,,,
194,0.0026027269046947,0.1666666666666666,0.0179138308990664,0.0006632854463117,0.0059084482169343,2.8135572991772933e-05,,,,,,
195,0.0025192050534662,0.1666666666666666,0.0175476197052184,0.0006488346659765,0.0058437310809222,2.780279884472645e-05,,,,,,
196,0.0023923160871768,0.1666666666666666,0.017150890911883,0.000631818797437,0.0057665952621751,2.7530444656776256e-05,,,,,,
197,0.0022043919219126,0.1666666666666666,0.016876232516497,0.0006149465918839,0.0056890781414174,2.7506266353759595e-05,,,,,,
198,0.0019682820732475,0.1666666666666666,0.0165710565216236,0.000594951306949,0.0055958222524959,2.743909236166101e-05,,,,,,
199,0.0016936236778614,0.1666666666666666,0.0164795037231616,0.0005816474900119,0.0055329039201945,2.774466462789147e-05,,,,,,
200,0.0014061157669018,0.1666666666666666,0.0165100213226489,0.0005740653851866,0.0054967233549999,2.8236806091471383e-05,,,,,,
201,0.0011459130765361,0.1666666666666666,0.0166626093200856,0.000576126002795,0.005506579809622,2.900930442076054e-05,,,,,,
202,0.0009451393956983,0.1666666666666666,0.0169372677154716,0.0005912239415443,0.0055782658196758,3.0223761077662893e-05,,,,,,
203,0.0008086132927287,0.1666666666666666,0.0172729613098323,0.000613042159741,0.0056802620387156,3.1611521371296714e-05,,,,,,
204,0.000731516199287,0.1666666666666666,0.0175476197052184,0.000638008902137,0.0057947748793158,3.30442999521308e-05,,,,,,
205,0.0007026047892464,0.1666666666666666,0.0179443484985537,0.0006661397021654,0.0059211472135471,3.456633083462564e-05,,,,,,
206,0.0006913614631194,0.1666666666666666,0.0181884892944524,0.0006887398396513,0.0060207528802308,3.577148457212144e-05,,,,,,
207,0.0007122419259266,0.1666666666666666,0.0185852180877878,0.0007039368067974,0.0060868140780641,3.654201705987211e-05,,,,,,
208,0.0007395471465205,0.1666666666666666,0.0188903940826612,0.0007096977713057,0.0061116703346344,3.680558429732351e-05,,,,,,
209,0.0007813080721348,0.1666666666666666,0.0189514292816358,0.000702196136983,0.0060792837917111,3.634724911657867e-05,,,,,,
210,0.0008455556500028,0.1666666666666666,0.0188293588836865,0.0006859499695873,0.0060085464114279,3.538766562103232e-05,,,,,,
211,0.0009162279856577,0.1666666666666666,0.0185852180877878,0.00066875774803,0.0059327713770299,3.43583024904033e-05,,,,,,
212,0.0009933250790994,0.1666666666666666,0.0183410772918891,0.0006544826037587,0.0058691100542936,3.345975811664251e-05,,,,,,
213,0.0010736345514345,0.1666666666666666,0.0182495244934271,0.0006498076314762,0.0058481109477031,3.304771050661096e-05,,,,,,
214,0.0011298511820691,0.1666666666666666,0.0182800420929144,0.0006506724640761,0.0058520012954462,3.2969355468281663e-05,,,,,,
215,0.0011667935393432,0.1666666666666666,0.0182800420929144,0.000655856264128,0.0058752660147078,3.315734358012741e-05,,,,,,
216,0.0011796430549168,0.1666666666666666,0.0183410772918891,0.0006606454733087,0.0058966782500549,3.337925664765701e-05,,,,,,
217,0.0011764306760234,0.1666666666666666,0.0183105596924018,0.0006594477053516,0.0058913304071215,3.332378483038596e-05,,,,,,
218,0.0011635811604498,0.1666666666666666,0.0182800420929144,0.00065583010161,0.0058751488295147,3.316345265199505e-05,,,,,,
219,0.0011491254554295,0.1666666666666666,0.0181274540954777,0.0006489630661317,0.0058443092704817,3.283546153672332e-05,,,,,,
220,0.0011491254554295,0.1666666666666666,0.0181579716949651,0.0006527014001799,0.005861118090657,3.303221596031155e-05,,,,,,
221,0.0011603687815564,0.2777777777777778,0.0182495244934271,0.0006642212443056,0.005912614722624,3.361255714898043e-05,,,,,,
222,0.0011860678127036,0.2777777777777778,0.0184936652893258,0.0006852251440081,0.006005371034631,3.46577244072535e-05,,,,,,
223,0.0012422844433382,0.2777777777777778,0.0188598764831738,0.0007120198960323,0.0061216608342937,3.593146073196602e-05,,,,,,
224,0.0013177753473332,0.2777777777777778,0.0192260876770219,0.0007313980973849,0.0062044046212729,3.675810483843334e-05,,,,,,
225,0.0013916600618815,0.2777777777777778,0.0195617812713826,0.0007376902241964,0.0062310353291807,3.688908354566297e-05,,,,,,
226,0.0014510890714095,0.2777777777777778,0.0197448868683066,0.0007247249826505,0.0061760359567851,3.603776064633847e-05,,,,,,
227,0.0014767881025567,0.2777777777777778,0.0197754044677939,0.0006962327435078,0.0060534146236383,3.44629255058256e-05,,,,,,
228,0.0014575138291963,0.2777777777777778,0.0196228164703572,0.0006593909208269,0.0058910767527407,3.2580438744384075e-05,,,,,,
229,0.0014141467141353,0.2777777777777778,0.0194397108734332,0.0006236409001849,0.0057291539753171,3.082339434379214e-05,,,,,,
230,0.0013659610307343,0.2777777777777778,0.0192871228759965,0.000596441235897,0.0056028246442826,2.952579445709668e-05,,,,,,
231,0.00132420010512,0.2777777777777778,0.0191650524780472,0.0005747197895611,0.005499855450546,2.849490405850075e-05,,,,,,
232,0.001308138210653,0.2777777777777778,0.0191040172790725,0.000558665201297,0.0054224931209926,2.769220606904162e-05,,,,,,
233,0.001292076316186,0.2777777777777778,0.0190124644806105,0.000542908636674,0.0053454783483163,2.690467756547001e-05,,,,,,
234,0.0012744082322722,0.2777777777777778,0.0189514292816358,0.0005275012757808,0.0052690819922539,2.61391086986118e-05,,,,,,
235,0.0012406782538915,0.2777777777777778,0.0188903940826612,0.0005132818569094,0.0051975796842551,2.5475552044502724e-05,,,,,,
236,0.001232647306658,0.2777777777777778,0.0188903940826612,0.0005067912471768,0.0051646126220294,2.515380415301464e-05,,,,,,
237,0.0012615587166986,0.2777777777777778,0.0190124644806105,0.0005131212932996,0.0051967666734109,2.5414853462196268e-05,,,,,,
238,0.0013820229252013,0.2777777777777778,0.0192871228759965,0.0005339591441375,0.0053012369169227,2.6193125483563026e-05,,,,,,
239,0.0015860089849324,0.2777777777777778,0.0196838516693319,0.0005677725582871,0.005466513168889,2.7367341725350783e-05,,,,,,
240,0.0018478178647448,0.2777777777777778,0.0202026508606166,0.0006122548942299,0.0056766135857195,2.880951094030573e-05,,,,,,
241,0.0021224762601309,0.2777777777777778,0.0205688620544647,0.0006513060911111,0.0058548499513838,2.97743624784001e-05,,,,,,
242,0.0023537675404559,0.2777777777777778,0.0207519676513887,0.0006767355227028,0.0059680532076734,3.0077437455117093e-05,,,,,,
243,0.0024983245906591,0.3333333333333333,0.0208130028503633,0.0006851026563546,0.0060048342645725,2.9816408784691776e-05,,,,,,
244,0.0025545412212937,0.3333333333333333,0.0206604148529267,0.0006765201395314,0.0059671034123126,2.9080642281944585e-05,,,,,,
245,0.0025432978951668,0.3333333333333333,0.0204467916565153,0.0006601611365331,0.0058945163478805,2.8276958791871664e-05,,,,,,
246,0.0024983245906591,0.3333333333333333,0.0202636860595913,0.0006416023806391,0.0058110710156931,2.75269205891364e-05,,,,,,
247,0.0024292584444509,0.3333333333333333,0.0201721332611293,0.0006269219478283,0.0057442050791181,2.7094595401030703e-05,,,,,,
248,0.0023473427826691,0.3333333333333333,0.0200805804626673,0.0006095161195515,0.0056639028739794,2.656977762652365e-05,,,,,,
249,0.0022590023631005,0.3333333333333333,0.0199585100647179,0.0005879508279347,0.0055628032876974,2.5841688741123618e-05,,,,,,
250,0.0021562062385116,0.3333333333333333,0.0195922988708699,0.0005550257944498,0.0054048019314692,2.4562658575417697e-05,,,,,,
251,0.0020598348717095,0.3333333333333333,0.0191040172790725,0.0005163751526589,0.0052132177792253,2.293471991492029e-05,,,,,,
252,0.0019987996727348,0.3333333333333333,0.0184631476898384,0.0004771610685412,0.0050113611374094,2.111854031781236e-05,,,,,,
253,0.0020036182410749,0.3333333333333333,0.017791760501117,0.0004425746218405,0.0048263237717236,1.927891509353674e-05,,,,,,
254,0.002067865818943,0.3333333333333333,0.017150890911883,0.0004175497955664,0.0046878891870237,1.77002359846612e-05,,,,,,
255,0.0021802990802121,0.2222222222222222,0.0166015741211109,0.000402821105186,0.0046044663968004,1.6447406720090282e-05,,,,,,
256,0.002310400425395,0.2222222222222222,0.0161132925293135,0.0003942051633916,0.0045549577581477,1.5409690052844964e-05,,,,,,
257,0.0024421079600245,0.2222222222222222,0.0155944933380288,0.0003889820772113,0.0045246813043417,1.4508849617444733e-05,,,,,,
258,0.002601120715248,0.2222222222222222,0.0151062117462314,0.0003896801432463,0.004528739474014,1.3743652248200088e-05,,,,,,
259,0.0027874386910654,0.2222222222222222,0.0146484477539214,0.0003956846877369,0.0045634975491275,1.305569542444402e-05,,,,,,
260,0.0030155175924971,0.2222222222222222,0.014251718960586,0.0004090049608113,0.00463967422184,1.2433230534147305e-05,,,,,,
261,0.0032917821773298,0.2222222222222222,0.0139465429657127,0.0004351862357406,0.004785868648761,1.206870882020763e-05,,,,,,
262,0.0035953519827565,0.2222222222222222,0.0137634373687886,0.0004715504009533,0.0049818111320519,1.1891886275525364e-05,,,,,,
263,0.00390534654597,0.2222222222222222,0.0137634373687886,0.000517337872067,0.0052180752252302,1.1976577412041697e-05,,,,,,
264,0.0042217658669703,0.1111111111111111,0.0137634373687886,0.0005707046278026,0.0054806099727879,1.2213778638307617e-05,,,,,,
265,0.004557459461331,0.1111111111111111,0.013793954968276,0.0006329958416381,0.0057719641901638,1.2545133870857809e-05,,,,,,
266,0.0049381263601993,0.1111111111111111,0.0138244725677633,0.0007079970974108,0.0061043431363979,1.2877913177593356e-05,,,,,,
267,0.0053958903525094,0.1111111111111111,0.0138244725677633,0.000805333550575,0.0065104513166182,1.3270343649752657e-05,,,,,,
268,0.0059179019226875,0.1111111111111111,0.0137634373687886,0.0009248372210349,0.0069767931897373,1.365408004581654e-05,,,,,,
269,0.0064720372817996,0.0,0.0138244725677633,0.0010623479618551,0.0074775029671647,1.4025784046951946e-05,,,,,,
270,0.0069876240941909,0.0,0.0143127541595607,0.0011959833699481,0.0079338826028095,1.4119602673446187e-05,,,,,,
271,0.0074036271608867,0.0,0.0146484477539214,0.0013076070832135,0.0082958679734124,1.4007730294870152e-05,,,,,,
272,0.0076943474507398,0.0,0.0146789653534087,0.0013834553137801,0.0085330790203404,1.3610454874667184e-05,,,,,,
273,0.0079063644577044,0.0,0.0144653421569974,0.0014365147495017,0.0086951733420018,1.309544050940718e-05,,,,,,
274,0.0080734081601614,0.0,0.0141906837616114,0.0014787435548728,0.0088220523774914,1.264868883064109e-05,,,,,,
275,0.0082452704309585,0.0,0.0139770605652,0.0015285413575784,0.0089693670420886,1.2465060656065743e-05,,,,,,
276,0.00846371219571,0.0,0.0138549901672507,0.0015977501202515,0.0091701751124057,1.2457687460374147e-05,,,,,,
277,0.0086982158549285,0.0,0.013885507766738,0.001676190592455,0.0093925799170214,1.256159843870377e-05,,,,,,
278,0.0089166576196799,0.0,0.0139160253662253,0.0017509239683752,0.0095996819255838,1.2647109965783408e-05,,,,,,
279,0.0090596084804364,0.0,0.0139160253662253,0.0017986404244916,0.0097296087022839,1.258877968076348e-05,,,,,,
280,0.0090965508377106,0.0,0.0138549901672507,0.001808410063321,0.0097559969770853,1.2432239873844446e-05,,,,,,
281,0.0090596084804364,0.0,0.0136413669708393,0.0017918119578146,0.0097111221038849,1.2229386697766731e-05,,,,,,
282,0.0089776928186546,0.0,0.0133972261749406,0.0017600711924005,0.0096247247189629,1.2036357569692376e-05,,,,,,
283,0.0089005957252129,0.0,0.0131836029785293,0.0017344372458315,0.0095543796676309,1.2065566569559496e-05,,,,,,
284,0.0088684719362789,0.0,0.0130310149810926,0.0017271925542107,0.0095344046103702,1.2255076789683075e-05,,,,,,
285,0.0088700781257256,0.0,0.0130310149810926,0.0017356965152697,0.0095578474654125,1.267416221561618e-05,,,,,,
286,0.0088604409890454,0.0,0.0131530853790419,0.0017444376648448,0.0095818844011,1.33050941556889e-05,,,,,,
287,0.0088106491161976,0.0,0.0131836029785293,0.0017382570064454,0.0095648947127268,1.3859673016794353e-05,,,,,,
288,0.0086966096654818,0.0,0.0136718845703266,0.0017089498671555,0.0094839195404795,1.431371017653772e-05,,,,,,
289,0.0085279597735781,0.0,0.0142212013610987,0.0016587982468255,0.0093437236092231,1.4579072985788053e-05,,,,,,
290,0.0083737655866947,0.0,0.0144958597564847,0.0016097524924616,0.0092045540572435,1.4603865291804927e-05,,,,,,
291,0.0082918499249129,0.1111111111111111,0.0144653421569974,0.0015809714743332,0.0091218981009933,1.445424978762776e-05,,,,,,
292,0.0083625222605678,0.0,0.0141906837616114,0.0016008645696164,0.0091791083433967,1.4324251421322837e-05,,,,,,
293,0.0086130878142533,0.0,0.0136718845703266,0.0016834088820755,0.0094127821326992,1.4415185781622813e-05,,,,,,
294,0.0090628208593298,0.0,0.0132141205780166,0.0018447801575281,0.0098536131698724,1.495897057317836e-05,,,,,,
295,0.0096844161752035,0.0,0.013885507766738,0.0020892198499207,0.0104861308150105,1.6171022814970638e-05,,,,,,
296,0.0104441437834935,0.0,0.0162048453277756,0.0024184751569544,0.0112822057309508,1.820802678521285e-05,,,,,,
297,0.0112954241902455,0.0,0.0186767708862498,0.0028262164938587,0.0121962386217588,2.1161628881297667e-05,,,,,,
298,0.0122093459854189,0.0,0.0209350732483127,0.0033058772582457,0.0131906610868321,2.492541051600384e-05,,,,,,
299,0.0131537853800796,0.0,0.0229492348144769,0.0038471636041164,0.0142296273652368,2.946022512830117e-05,,,,,,
300,0.0140901938275068,0.0,0.0245361499878184,0.004426295944813,0.0152631236797664,3.442938236713346e-05,,,,,,
301,0.0149832351598731,0.0,0.0257568539673118,0.0050221527774761,0.0162580389467328,3.982649453742291e-05,,,,,,
302,0.0157959670199042,0.0,0.0265808291534699,0.0055994964804956,0.017167129669188,4.519776698481278e-05,,,,,,
303,0.0165042965658998,0.0,0.0270996283447546,0.0061330996431048,0.0179664887515104,5.040291292297779e-05,,,,,,
304,0.0170969804717328,0.0,0.0273437691406533,0.0066012649138342,0.0186396082433338,5.512825421414697e-05,,,,,,
305,0.0175724125479566,0.0,0.027313251541166,0.0069906305462746,0.0191814473773003,5.9138240732559086e-05,,,,,,
306,0.0179402299312513,0.0,0.0270996283447546,0.0073050245379148,0.019608033447537,6.262312569356493e-05,,,,,,
307,0.0181924016743835,0.0,0.0267334171509066,0.0075252790983885,0.019901440173209,6.510384228570667e-05,,,,,,
308,0.0182984101778658,0.0,0.0267334171509066,0.0076213274871577,0.0200280428231041,6.629068428666679e-05,,,,,,
309,0.0182389811683379,0.0,0.0270080755462926,0.0075719890238818,0.0199631094296215,6.586530404005925e-05,,,,,,
310,0.0179868094252056,0.0,0.0270080755462926,0.0073618318768985,0.0196841264887786,6.393952232756934e-05,,,,,,
311,0.0175242268645555,0.0,0.0263977235565459,0.0069776857252706,0.0191636796341284,6.014808991909743e-05,,,,,,
312,0.0168399901602605,0.0,0.0253906427734638,0.0064361175903993,0.0184049729984494,5.515776247598057e-05,,,,,,
313,0.0159485550173409,0.0,0.0240783859955083,0.0057649064541301,0.0174188440823364,4.9059722023594497e-05,,,,,,
314,0.01484349667801,0.0,0.0223999180237048,0.0049928430919432,0.0162105279175427,4.245182173533672e-05,,,,,,
315,0.0135440894156282,0.0,0.0209350732483127,0.0041603344343261,0.0147974649932917,3.5522612129162466e-05,,,,,,
316,0.0120744260718959,0.0,0.0196533340698446,0.0033225667185683,0.013223915175024,2.9080167590549463e-05,,,,,,
317,0.0104923294668945,0.0,0.0182800420929144,0.0025350521112113,0.0115509218388366,2.333481768504859e-05,,,,,,
318,0.008857228610152,0.0,0.0168457149170096,0.0018452478012965,0.0098548620148328,1.866780667889936e-05,,,,,,
319,0.0072494329740034,0.0,0.0155334581390542,0.001293564205498,0.0082512015249392,1.552804816059129e-05,,,,,,
320,0.0057781634408244,0.1111111111111111,0.014343271759048,0.0008958162459043,0.0068664563982194,1.3761050719769057e-05,,,,,,
321,0.0044659066628689,0.2222222222222222,0.0140075781646873,0.0006327298416724,0.0057707513041493,1.335724829288319e-05,,,,,,
322,0.0033158750190304,0.2222222222222222,0.0149231061493074,0.0004773488399134,0.0050123470703192,1.4128596011508084e-05,,,,,,
323,0.0022991570992681,0.3333333333333333,0.0158081165344402,0.0003998365798118,0.0045873773026005,1.5757907149300073e-05,,,,,,
324,0.0013739919779678,0.1666666666666666,0.0166626093200856,0.0003822136743756,0.0044851431613343,1.822865522214427e-05,,,,,,
325,0.0004921939717284,0.0555555555555555,0.0174865845062437,0.0004101681191469,0.0046462668611023,2.1345540838772265e-05,,,,,,
326,-0.000334993593323,0.0555555555555555,0.0181884892944524,0.000478273388959,0.0050171987831282,2.5060062921856555e-05,,,,,,
327,-0.0011059645277399,0.0555555555555555,0.0188598764831738,0.0005757773923596,0.0055049135580937,2.9080915745465683e-05,,,,,,
328,-0.0018014445581618,0.0555555555555555,0.0198669572662559,0.0007004864429874,0.0060718784182205,3.362250502952164e-05,,,,,,
329,-0.0024085841690151,0.1666666666666666,0.0208130028503633,0.0008399546703281,0.0066489202539651,3.8406862844358027e-05,,,,,,
330,-0.0029579009597872,0.1666666666666666,0.0216064604370341,0.0009907549220637,0.0072211492089618,4.339581781018028e-05,,,,,,
331,-0.0034622444460516,0.1666666666666666,0.0228576820160149,0.0011453654847538,0.0077641737444762,4.829525733019884e-05,,,,,,
332,-0.0039055527333413,0.1666666666666666,0.024322526791407,0.0012992680021873,0.0082693727954973,5.312918427800175e-05,,,,,,
333,-0.0043135248528036,0.1666666666666666,0.0257263363678245,0.0014483062236231,0.0087307870978844,5.762014669283032e-05,,,,,,
334,-0.0046235194160171,0.1666666666666666,0.0268860051483433,0.0015746665208534,0.0091036907520012,6.150025351778632e-05,,,,,,
335,-0.0048467797491087,0.1666666666666666,0.0278015331329634,0.0016772300748272,0.0093954918496143,6.478399315979905e-05,,,,,,
336,-0.0049560006314844,0.1666666666666666,0.0285034379211721,0.0017485647159904,0.0095932122823501,6.746777963495972e-05,,,,,,
337,-0.0049913367993118,0.1666666666666666,0.0289306843139948,0.0017950405628781,0.0097198672366884,6.956237605468382e-05,,,,,,
338,-0.0049897306098651,0.1666666666666666,0.0293579307068175,0.001830159897736,0.0098144895508631,7.14267935849763e-05,,,,,,
339,-0.0049929429887585,0.1666666666666666,0.0296631067016909,0.0018538806314712,0.0098778876696526,7.264318512528267e-05,,,,,,
340,-0.0050057925043321,0.1666666666666666,0.0298767298981022,0.0018697295594374,0.0099200211147839,7.334886032133051e-05,,,,,,
341,-0.0050218543987992,0.1666666666666666,0.0299377650970769,0.0018687978083119,0.0099175490613779,7.313875778209905e-05,,,,,,
342,-0.0050154296410124,0.1666666666666666,0.0298462122986149,0.0018475507562473,0.0098610097599942,7.208497900275581e-05,,,,,,
343,-0.0049592130103778,0.1666666666666666,0.0295410363037415,0.0018034847996543,0.0097427025312994,7.032645893108773e-05,,,,,,
344,-0.0048467797491086,0.1666666666666666,0.0289917195129695,0.0017414951477371,0.009573799629958,6.816636541821526e-05,,,,,,
345,-0.0046877669938852,0.1666666666666666,0.0283813675232228,0.0016689669425036,0.009372319104412,6.586520600596678e-05,,,,,,
346,-0.0045142985336414,0.1666666666666666,0.0277404979339887,0.0015978817424801,0.0091705528229165,6.372014782706581e-05,,,,,,
347,-0.0043376176945041,0.1666666666666666,0.0271606635437293,0.0015321051740133,0.0089798170594816,6.182218715808118e-05,,,,,,
348,-0.0041673616131537,0.0555555555555555,0.0266418643524446,0.0014637337663223,0.0087771646492546,5.967171646533802e-05,,,,,,
349,-0.0039922869634632,0.0555555555555555,0.0260620299621852,0.0013886243585447,0.0085490053547174,5.7147137356349385e-05,,,,,,
350,-0.0037947256615189,0.0555555555555555,0.0253601251739765,0.0013018572366023,0.0082776084666066,5.411885908024746e-05,,,,,,
351,-0.0035843148440009,0.0555555555555555,0.0245361499878184,0.0012129186091728,0.0079898574164634,5.09905086344895e-05,,,,,,
352,-0.0033482049953358,0.0555555555555555,0.023590104403711,0.0011210469951215,0.0076813067525941,4.779199673665714e-05,,,,,,
353,-0.0031024580099904,0.0555555555555555,0.0226135412201162,0.0010377978338852,0.0073905979883592,4.4995692921785744e-05,,,,,,
354,-0.0028743791085587,0.1666666666666666,0.0217895660339581,0.0009679099063616,0.0071374103602506,4.268057139089389e-05,,,,,,
355,-0.0026784239960611,0.1666666666666666,0.0209961084472874,0.0009062652033161,0.0069063860734532,4.0524213492913405e-05,,,,,,
356,-0.0024969245885838,0.1666666666666666,0.020233168460104,0.0008490243463697,0.0066847207805708,3.845085951312096e-05,,,,,,
357,-0.0023523675383806,0.1666666666666666,0.0195007460724079,0.0007918411801594,0.0064556836653709,3.614221855171029e-05,,,,,,
358,-0.0021949609726038,0.1666666666666666,0.0186157356872751,0.0007311491273726,0.0062033485328178,3.366367934835924e-05,,,,,,
359,-0.0020295234595935,0.1666666666666666,0.0176696901031677,0.0006680796183476,0.0059297626576612,3.104311970315293e-05,,,,,,
360,-0.0018512364310096,0.1666666666666666,0.0166626093200856,0.0006079757863493,0.005656741606025,2.857164927383789e-05,,,,,,
361,-0.0016665246446389,0.1666666666666666,0.0156860461364908,0.0005519326973599,0.0053897207102721,2.6271784943547887e-05,,,,,,
362,-0.0014705695321412,0.1666666666666666,0.0147400005523834,0.0004987388271877,0.0051234179955623,2.4086837208389576e-05,,,,,,
363,-0.0012858577457705,0.1666666666666666,0.013885507766738,0.0004509491304094,0.0048717722399954,2.2080734616031867e-05,,,,,,
364,-0.0011059645277399,0.1666666666666666,0.0132141205780166,0.0004083812384435,0.0046361351783315,2.027059185514448e-05,,,,,,
365,-0.0009357084463895,0.1666666666666666,0.0128173917846812,0.0003701027679136,0.0044135125521612,1.8603542751440435e-05,,,,,,
366,-0.0007718771228259,0.1666666666666666,0.0124816981903205,0.0003377510716474,0.004216203528291,1.718057789923155e-05,,,,,,
367,-0.0005968024731354,0.1666666666666666,0.0121460045959598,0.0003108004216255,0.0040444921717887,1.6001743735719524e-05,,,,,,
368,-0.0004185154445515,0.2777777777777778,0.0120239341980105,0.0002910638918156,0.0039139688553719,1.5143997023493676e-05,,,,,,
369,-0.0002354098476275,0.2777777777777778,0.0120239341980105,0.0002741782725717,0.0037987412913378,1.4375017602155304e-05,,,,,,
370,-4.748568236338343e-05,0.2777777777777778,0.0119934165985231,0.0002602217950998,0.0037007950433149,1.369362906259476e-05,,,,,,
371,0.0001372261040073,0.2777777777777778,0.0119323813995485,0.0002476268276888,0.0036101233955353,1.3014159927371005e-05,,,,,,
372,0.0003074821853577,0.2777777777777778,0.0119018638000611,0.0002401677269452,0.0035553349604967,1.254586138701772e-05,,,,,,
373,0.0004905877822817,0.5,0.0119323813995485,0.0002409698108013,0.0035612668562076,1.244194524899902e-05,,,,,,
374,0.000656025295292,0.3888888888888889,0.0120849693969851,0.0002476545976259,0.00361032581724,1.2604083318567028e-05,,,,,,
375,0.0008166442399622,0.3888888888888889,0.0123596277923712,0.0002610159171612,0.0037064376226495,1.3070772035928163e-05,,,,,,
376,0.000957988911272,0.3888888888888889,0.0126953213867319,0.0002782957348806,0.0038271587295392,1.3729401186968327e-05,,,,,,
377,0.0010704221725411,0.3888888888888889,0.0130615325805799,0.0002979943629917,0.00396029214095,1.4538110214202626e-05,,,,,,
378,0.0011475192659828,0.3888888888888889,0.0132751557769913,0.0003122568450045,0.0040539574232735,1.5117770323913287e-05,,,,,,
379,0.0012133730332976,0.3888888888888889,0.0134582613739153,0.0003255737342078,0.0041394999329811,1.566318557721729e-05,,,,,,
380,0.0012792268006123,0.3888888888888889,0.0135803317718646,0.0003393004059176,0.0042258627640909,1.6221494893525702e-05,,,,,,
381,0.001383629114648,0.3888888888888889,0.013702402169814,0.0003578169704034,0.0043396396309483,1.6918042599595627e-05,,,,,,
382,0.0015217614070643,0.3888888888888889,0.0140991309631493,0.000382977565333,0.0044896229201236,1.7840956184868946e-05,,,,,,
383,0.0017096855723285,0.3888888888888889,0.0147705181518707,0.0004189679874634,0.0046958435566577,1.912792195237589e-05,,,,,,
384,0.001949007799887,0.3888888888888889,0.0154419053405921,0.0004631777786879,0.0049373857278606,2.0579146421661668e-05,,,,,,
385,0.0021899362168923,0.3888888888888889,0.0161743277282882,0.0005165285565043,0.0052139920886234,2.238989286617112e-05,,,,,,
386,0.0024581698544916,0.4444444444444444,0.0168151973175223,0.0005764766276718,0.0055082551811461,2.429827610709207e-05,,,,,,
387,0.0027087354081771,0.4444444444444444,0.017425549307269,0.0006402882916393,0.0058051170333159,2.636213625898212e-05,,,,,,
388,0.0029560885829691,0.4444444444444444,0.0180664188965031,0.0007088533472332,0.0061080333092586,2.856961119665233e-05,,,,,,
389,0.0031761365371673,0.4444444444444444,0.0186767708862498,0.000777157837145,0.0063955487692821,3.0815200757537244e-05,,,,,,
390,0.003388153544132,0.4444444444444444,0.0192871228759965,0.0008455189241899,0.006670906685751,3.302141157138349e-05,,,,,,
391,0.0035776838988428,0.4444444444444444,0.0199279924652306,0.0009115101251421,0.0069263422607279,3.517439503270735e-05,,,,,,
392,0.0037415152224064,0.4444444444444444,0.0205383444549773,0.0009710037271229,0.0071488082448937,3.710652316276246e-05,,,,,,
393,0.0039198022509903,0.4444444444444444,0.0210876612457494,0.0010319347463705,0.007369691653803,3.894750538526545e-05,,,,,,
394,0.0041173635529346,0.4444444444444444,0.0215759428375468,0.0010976421071633,0.0076006997848306,4.081795459208941e-05,,,,,,
395,0.0043598981593866,0.4444444444444444,0.0219726716308821,0.0011724292094151,0.0078553676231946,4.2698088535311634e-05,,,,,,
396,0.0046409813125595,0.4444444444444444,0.0223999180237048,0.0012636309890939,0.0081551759124399,4.4968186619314166e-05,,,,,,
397,0.0049702501491333,0.4444444444444444,0.0227356116180655,0.0013680029701554,0.0084852905857118,4.729676977900895e-05,,,,,,
398,0.0052963066068138,0.4444444444444444,0.0230713052124262,0.0014773816629381,0.0088179889786913,4.970606595494139e-05,,,,,,
399,0.0056111197383674,0.4444444444444444,0.0233459636078123,0.0015832443090066,0.0091284526532406,5.1843983124159255e-05,,,,,,
400,0.0058905967020935,0.3333333333333333,0.0235290692047363,0.0016790886954949,0.0094006962102057,5.367395972986015e-05,,,,,,
401,0.0061267065507587,0.3333333333333333,0.023590104403711,0.0017587296869025,0.0096210560939686,5.502818720418001e-05,,,,,,
402,0.0063322987999366,0.3333333333333333,0.0235595868042236,0.0018323935612126,0.0098204768916591,5.634375828793203e-05,,,,,,
403,0.0065314662913276,0.3333333333333333,0.0234375164062743,0.0019045336187587,0.0100119234672272,5.757855959886653e-05,,,,,,
404,0.0067274214038252,0.3333333333333333,0.0232849284088376,0.0019793818806939,0.0102067621565673,5.8919794976089504e-05,,,,,,
405,0.0069378322213432,0.3333333333333333,0.0232544108093503,0.0020667018852081,0.0104294670732501,6.064026750050087e-05,,,,,,
406,0.0071610925544348,0.3333333333333333,0.0234680340057616,0.002165110573617,0.010674885858177,6.267194151192614e-05,,,,,,
407,0.0073955962136532,0.3333333333333333,0.0237121748016603,0.002269710070919,0.0109297037830497,6.476358142980887e-05,,,,,,
408,0.0076220689256382,0.3333333333333333,0.024047868396021,0.0023780653837993,0.0111875527256607,6.706540128225923e-05,,,,,,
409,0.0078469354481765,0.3333333333333333,0.0247192555847424,0.0024904057888309,0.0114487549054838,6.94995929579901e-05,,,,,,
410,0.0080509215079076,0.3333333333333333,0.0253906427734638,0.0025949178612428,0.0116865146333687,7.175728714945056e-05,,,,,,
411,0.0082356332942783,0.3333333333333333,0.0260315123626979,0.0026916789436417,0.0119024078582129,7.384165706542326e-05,,,,,,
412,0.0083753717761414,0.3333333333333333,0.0266723819519319,0.0027712670800777,0.0120770924526292,7.570930972076728e-05,,,,,,
413,0.0084781679007303,0.3333333333333333,0.0271911811432166,0.0028315655849985,0.0122077748845358,7.715043667852857e-05,,,,,,
414,0.0085488402363852,0.3333333333333333,0.0276184275360394,0.0028744437536024,0.0122998582653418,7.820384396025827e-05,,,,,,
415,0.0085665083202989,0.3333333333333333,0.0279236035309127,0.0028924141178092,0.0123382463093407,7.884725718820918e-05,,,,,,
416,0.0085632959414055,0.3333333333333333,0.0282287795257861,0.0028997640404087,0.0123539127413751,7.928912264141897e-05,,,,,,
417,0.0085151102580045,0.3333333333333333,0.0283813675232228,0.0028848820657374,0.0123221710017638,7.932879549073506e-05,,,,,,
418,0.0084444379223496,0.3333333333333333,0.0285949907196341,0.0028647207491772,0.0122790380841694,7.946624444806775e-05,,,,,,
419,0.0083448541766541,0.3333333333333333,0.0288086139160455,0.0028353329692321,0.0122158933775724,7.959145978259792e-05,,,,,,
420,0.0082324209153849,0.3333333333333333,0.0289917195129695,0.0028043634595438,0.0121489948892119,7.982532269003075e-05,,,,,,
421,0.008113562896329,0.3333333333333333,0.0291443075104062,0.0027704750099216,0.0120753664212065,7.998457133371542e-05,,,,,,
422,0.0079770367933593,0.3333333333333333,0.0292663779083555,0.0027308780062765,0.0119887622957074,8.009730538036737e-05,,,,,,
423,0.007838904500943,0.3333333333333333,0.0292663779083555,0.0026868133992617,0.011891645451328,7.996280776518698e-05,,,,,,
424,0.007671860798486,0.3333333333333333,0.0291748251098935,0.0026295772409129,0.0117643020257605,7.954135404196735e-05,,,,,,
425,0.0074726933070949,0.3333333333333333,0.0289917195129695,0.0025612202209612,0.0116103860513385,7.895991899921405e-05,,,,,,
426,0.0072365834584297,0.3333333333333333,0.0287475787170708,0.002478863489124,0.0114221932844607,7.809835927676003e-05,,,,,,
427,0.0069651374419371,0.3333333333333333,0.0285034379211721,0.0023890682648499,0.0112134042552696,7.72272954070254e-05,,,,,,
428,0.0066615676365105,0.3333333333333333,0.0281372267273241,0.0022910839865422,0.0109810458387509,7.620688433694568e-05,,,,,,
429,0.0063692411572107,0.3333333333333333,0.027862568331938,0.0021992551268203,0.0107587299358543,7.518303691394038e-05,,,,,,
430,0.0060913703829313,0.3333333333333333,0.027587909936552,0.0021130155262153,0.0105456789010959,7.410655034296754e-05,,,,,,
431,0.0058600791026062,0.3333333333333333,0.0271911811432166,0.0020397719267031,0.0103612941853275,7.301589010609909e-05,,,,,,
432,0.005640031148408,0.3333333333333333,0.0268554875488559,0.0019720429949482,0.0101878229556771,7.198178522120793e-05,,,,,,
433,0.0054344388992302,0.3333333333333333,0.0264892763550079,0.0019038776568166,0.0100101991589015,7.06709610514071e-05,,,,,,
434,0.0052272404606057,0.3333333333333333,0.0260620299621852,0.0018379632857745,0.0098353906774265,6.941086694461523e-05,,,,,,
435,0.0050007677486207,0.3333333333333333,0.0256958187683372,0.0017643910571073,0.0096365287949642,6.785500914052903e-05,,,,,,
436,0.0047469898160418,0.3333333333333333,0.0252075371765398,0.0016845698502194,0.0094160273504372,6.612765875057748e-05,,,,,,
437,0.0044578757156354,0.3333333333333333,0.0246582203857677,0.0015947061693305,0.0091614356761903,6.405924775292117e-05,,,,,,
438,0.0041270006896148,0.3333333333333333,0.024047868396021,0.0014972007965003,0.0088769387697037,6.1767907228987e-05,,,,,,
439,0.0037559709274267,0.3333333333333333,0.0234680340057616,0.0014021334927902,0.0085904889046281,5.9689182012865e-05,,,,,,
440,0.0033656668918781,0.3333333333333333,0.0228271644165275,0.0013086321631473,0.0082991190501014,5.75476633806711e-05,,,,,,
441,0.002978575235223,0.3888888888888889,0.0222473300262682,0.0012256455655417,0.0080316661624039,5.563575091242121e-05,,,,,,
442,0.0026252135569486,0.3888888888888889,0.0217590484344708,0.0011525235163518,0.0077883972959506,5.37673862199845e-05,,,,,,
443,0.0023360994565422,0.5,0.0212402492431861,0.0010873771711974,0.0075650761682514,5.17730167605888e-05,,,,,,
444,0.0021208700706842,0.5,0.0208435204498507,0.0010315255410387,0.0073682303132712,4.979272809268528e-05,,,,,,
445,0.0019538263682272,0.5,0.0204467916565153,0.0009813134273814,0.0071866595247957,4.783063764815775e-05,,,,,,
446,0.0018156940758108,0.5,0.0199585100647179,0.0009301968359588,0.0069969799348261,4.566098323142482e-05,,,,,,
447,0.0016614998889274,0.5,0.0194702284729205,0.0008855711447221,0.0068270789959509,4.38484257360492e-05,,,,,,
448,0.0014510890714095,0.5,0.0189514292816358,0.0008439102246738,0.0066645575707927,4.231066812124648e-05,,,,,,
449,0.0011860678127036,0.5,0.0185241828888131,0.0008081859730346,0.006521970855802,4.112934698759916e-05,,,,,,
450,0.0008953475228506,0.5,0.0184631476898384,0.0007784829779985,0.0064009990091946,4.017114112903647e-05,,,,,,
451,0.0005998086646574,0.5,0.0184326300903511,0.0007530332109412,0.0062955005274912,3.927355645744408e-05,,,,,,
452,0.0003267564587181,0.5,0.0185241828888131,0.000729428063309,0.006196043148694,3.828418091716484e-05,,,,,,
453,9.546517839308718e-05,0.5,0.0185547004883005,0.0007033690567756,0.0060843589671239,3.701031044053632e-05,,,,,,
454,-0.0001342199124852,0.5,0.0185547004883005,0.0006797138398971,0.0059811715095093,3.5756397641259155e-05,,,,,,
455,-0.0003863916556174,0.5,0.0185241828888131,0.0006580175303131,0.0058849385379484,3.448320308389976e-05,,,,,,
456,-0.0006738995665771,0.5,0.0185547004883005,0.0006427445528994,0.0058162411125156,3.337452005308398e-05,,,,,,
457,-0.0010176241081713,0.5,0.0186462532867625,0.0006353705005821,0.005782780703279,3.240499383668548e-05,,,,,,
458,-0.0013934724386995,0.4444444444444444,0.0187072884857371,0.0006347644557194,0.005780022107586,3.1466890126768314e-05,,,,,,
459,-0.0017725331481212,0.4444444444444444,0.0186157356872751,0.0006310328024713,0.0057630072671867,3.007037900045922e-05,,,,,,
460,-0.0021564124258829,0.4444444444444444,0.0184021124908638,0.0006290900942195,0.0057541293832276,2.8459890408421565e-05,,,,,,
461,-0.0025322607564112,0.4444444444444444,0.0180664188965031,0.0006288286391919,0.0057529335271666,2.6683899629537432e-05,,,,,,
462,-0.0029241709814065,0.4444444444444444,0.0176391725036804,0.0006352313105916,0.0057821472545452,2.4882450944745453e-05,,,,,,
463,-0.0033610545109094,0.3333333333333333,0.0172119261108577,0.000659922124025,0.0058934491912411,2.343605594443612e-05,,,,,,
464,-0.003858973239387,0.3333333333333333,0.0171203733123956,0.0007095950082836,0.0061112278389156,2.245543123683216e-05,,,,,,
465,-0.0044163209773925,0.2222222222222222,0.017333996508807,0.0007872479376567,0.0064369326532079,2.193021100657708e-05,,,,,,
466,-0.0049961553676519,0.2222222222222222,0.017608654904193,0.0008869968592246,0.0068325723722731,2.1722476764632147e-05,,,,,,
467,-0.0055245916956169,0.1111111111111111,0.0178527957000917,0.0009910088860508,0.0072220746620158,2.163724902045177e-05,,,,,,
468,-0.0059678999829066,0.1111111111111111,0.0179748660980411,0.0010833434445264,0.007551031454557,2.140224582173281e-05,,,,,,
469,-0.006305199766714,0.1111111111111111,0.0179138308990664,0.0011535115892293,0.0077917351260954,2.09555921770592e-05,,,,,,
470,-0.0065541591309528,0.1111111111111111,0.017791760501117,0.0012051217302168,0.0079641358278911,2.047045757124638e-05,,,,,,
471,-0.006790268979618,0.1111111111111111,0.0175781373047057,0.0012575145250599,0.0081354148636165,2.0077222187591016e-05,,,,,,
472,-0.0070713521327908,0.1111111111111111,0.0173645141082943,0.0013287449430249,0.008362651754661,1.9929923383809595e-05,,,,,,
473,-0.0074488066527657,0.0,0.0172119261108577,0.0014349346959056,0.0086903900218502,2.0038158181586072e-05,,,,,,
474,-0.0079370882445631,0.0,0.0169372677154716,0.0015811321059246,0.0091223614957528,2.022010945721126e-05,,,,,,
475,-0.008492829793122,0.0,0.0166626093200856,0.0017592982076063,0.0096226110025085,2.0466484610656783e-05,,,,,,
476,-0.0090405403944473,0.0,0.0164795037231616,0.0019420643315473,0.0101100896230795,2.048254156306564e-05,,,,,,
477,-0.0095256096073513,0.0,0.0163574333252122,0.0021136795183069,0.0105473357032574,2.050905204554528e-05,,,,,,
478,-0.0099143074534532,0.0,0.0161743277282882,0.0022600323143737,0.0109063774543871,2.06555768959651e-05,,,,,,
479,-0.0102210896377733,0.0,0.0159607045318769,0.002388441609586,0.0112119335146132,2.123677975270989e-05,,,,,,
480,-0.0104925356542659,0.0,0.0159607045318769,0.0025230358352948,0.0115235133423951,2.2698055296318423e-05,,,,,,
481,-0.0107655878602052,0.0,0.0161743277282882,0.0026751566023478,0.0118658213332683,2.4899833937247183e-05,,,,,,
482,-0.0110402462555912,0.0,0.0172119261108577,0.0028423414904104,0.0122309819944237,2.7709883163820767e-05,,,,,,
483,-0.0113213294087641,0.0,0.0188598764831738,0.0030150582714123,0.012597113853687,3.0514777861006025e-05,,,,,,
484,-0.0115783197202364,0.0,0.0205383444549773,0.003172117344916,0.0129210504398544,3.2896056925248225e-05,,,,,,
485,-0.0117806995905208,0.0,0.0218811188324201,0.0032952758192355,0.0131694938943548,3.465068659135193e-05,,,,,,
486,-0.0119509556718712,0.0,0.0228576820160149,0.003394105243048,0.0133655197450439,3.5811776584126805e-05,,,,,,
487,-0.0120987251009678,0.0,0.0232544108093503,0.003472269188143,0.0135185431871288,3.637186083347784e-05,,,,,,
488,-0.0122561316667446,0.0,0.0245971851867931,0.003546852867901,0.0136629596622267,3.646370329905544e-05,,,,,,
489,-0.0124392372636686,0.0,0.0258789243652612,0.0036337349272029,0.0138292880039028,3.6514582993047606e-05,,,,,,
490,-0.0126496480811865,0.0,0.0268249699493686,0.0037382303886982,0.0140267233460358,3.673537124835834e-05,,,,,,
491,-0.0128664836564913,0.0,0.0274353219391153,0.0038572394306169,0.0142482490717778,3.746619992865847e-05,,,,,,
492,-0.0130704697162224,0.0,0.0278930859314254,0.0039796965753312,0.0144726540237483,3.862053588843104e-05,,,,,,
493,-0.0132423319870196,0.0,0.0279846387298874,0.0040946983955686,0.0146802739031679,4.015108541759264e-05,,,,,,
494,-0.0133804642794359,0.0,0.027679462735014,0.0041959519786069,0.014860672186056,4.180275348815698e-05,,,,,,
495,-0.0135073532457254,0.0,0.02703859314578,0.0042922894019637,0.0150303016777577,4.346137681959764e-05,,,,,,
496,-0.0136165741281011,0.1111111111111111,0.0260315123626979,0.0043844167800376,0.0151907464562054,4.534768691064552e-05,,,,,,
497,-0.0137225826315834,0.1111111111111111,0.0254516779724385,0.0044836744591745,0.0153617338302792,4.7673592191709125e-05,,,,,,
498,-0.0138189539983855,0.2222222222222222,0.0269165227478306,0.0046019928691564,0.015563102229576,5.1246661398736686e-05,,,,,,
499,-0.0139072944179541,0.2222222222222222,0.0288696491150201,0.0047462628326353,0.0158051670975288,5.639046895314966e-05,,,,,,
