Unnamed: 0,Mean,Zero Crossing Rate,Range,Energy,RMS,Variance,Approximation,Detail 1,Detail 2
0,-0.0075094937710378,0.2222222222222222,0.0634108030955162,0.0056179515140304,0.0171953964372206,0.0002392891619359,0.8894226791155451,-0.20805402820635144,0.42791605810336136
1,-0.007494550141086,0.3333333333333333,0.0618965152603994,0.0052893364468358,0.01668490721523,0.0002222178469635,-1.9158564058344891,-0.44810091106716254,0.9261081096455166
2,-0.0072305460119374,0.3333333333333333,0.0618018722707046,0.0048536485005649,0.0159829654395003,0.0002031743886095,2.929692695105214,1.624275570135513,-0.42848504793151393
3,-0.0067224625935758,0.3333333333333333,0.0638840180439902,0.0046234520907153,0.015599345618386,0.0001981480803998,-0.8606770339299479,-1.2475836718550561,-0.2041380327809652
4,-0.0060151307758568,0.3333333333333333,0.0690893824772043,0.0048884493273283,0.0160401623028413,0.0002211050084508,-0.2025373494689311,-1.475698699273756,-0.36265020436730666
5,-0.0050985881388124,0.4444444444444444,0.0747679618588923,0.0052377340585479,0.0166033193551104,0.0002496746125985,1.5060463024213784,1.6147461111410726,-3.7369573268747347e-06
6,-0.0040176655722981,0.5555555555555556,0.0706983133020159,0.0046362243902064,0.0156208773764748,0.00022787017336,-0.07671499029994588,-0.503594241157076,-1.707019427129841
7,-0.0029516866357356,0.5555555555555556,0.0560286498993218,0.0028896934482586,0.0123324421286182,0.0001433766748601,-1.0427266731207974,0.1020808454229829,1.0818762783479463
8,-0.001975369478884,0.5555555555555556,0.0348286202076865,0.0013364177174589,0.0083867618663642,6.643569002499423e-05,-0.09341708666135498,-1.08782010017197,-0.36123038494764437
9,-0.0013128685510204,0.3333333333333333,0.0408857715481537,0.0014471755846231,0.0087273785315405,7.444351220053708e-05,-0.06743786185256423,2.2248849469657546,0.039372481397672764
10,-0.0012829812911168,0.3333333333333333,0.049782212579465,0.0026297381164171,0.0117646618857116,0.0001367612282917,0.0,0.0,0.06553937634545036
11,-0.0021795990882254,0.4444444444444444,0.0490250686619066,0.003340013513372,0.0132585890996861,0.0001710395327289,0.0,0.0,-0.06844517295279233
12,-0.004182045501768,0.4444444444444444,0.0591518685592502,0.0040244902484407,0.0145538749559601,0.0001943257716548,0.0,0.0,-0.431302336200386
13,-0.007106015762339,0.5555555555555556,0.0868822645398267,0.0070250953055264,0.0192286728139412,0.0003192463981709,0.0,0.0,0.0
14,-0.0103587458818497,0.4444444444444444,0.1125305147471177,0.0129743253471296,0.02613157532175,0.0005755556125515,0.0,0.0,0.0
15,-0.0129838435433845,0.4444444444444444,0.1353394752635646,0.0189645957486069,0.0315933002129839,0.0008295564251886,0.0,0.0,0.0
16,-0.0140249164300273,0.3333333333333333,0.1317430416551621,0.0212094499656057,0.0334108790709708,0.0009195885594257,0.0,0.0,0.0
17,-0.0129688999134326,0.3333333333333333,0.1260644622734741,0.0184938284018532,0.0311987081394602,0.0008051670246065,0.0,0.0,0.0
18,-0.0100698357027814,0.4444444444444444,0.1112055128913904,0.0127372316539433,0.0258917093558042,0.0005689790222844,0.0,0.0,0.0
19,-0.0062542288550858,0.5555555555555556,0.0909519130967032,0.0071017773209095,0.0193333327114618,0.0003346623751602,,,
20,-0.0027424758164103,0.4444444444444444,0.0720233151577431,0.0040445389862393,0.0145900813212252,0.0002053492993563,,,
21,-0.0005756494733977,0.5555555555555556,0.0757143917558403,0.0040579655756305,0.014614278482344,0.0002132457632432,,,
22,-0.0001223593648595,0.6666666666666666,0.0931287018596836,0.0054950845870445,0.0170063217147478,0.0002892000064513,,,
23,-0.0010438832118878,0.5,0.0964412064990016,0.0061547760817298,0.0179982105568565,0.0003228458910888,,,
24,-0.0025133401571492,0.3888888888888889,0.0864090495913527,0.0054672272178845,0.0169631601107013,0.0002814319221957,,,
25,-0.0038981165326836,0.3888888888888889,0.0718340291783535,0.0045719566997431,0.0155122306579834,0.0002254339874841,,,
26,-0.0048594900595834,0.3888888888888889,0.0712661712401847,0.0043850371657601,0.0151918211474744,0.0002071767861376,,,
27,-0.0056863709169169,0.2777777777777778,0.0756197487661455,0.0050417895176693,0.0162897926025849,0.0002330225288304,,,
28,-0.0066726504937364,0.1666666666666666,0.0886804813440279,0.0068266105152658,0.018955086132148,0.0003147710256655,,,
29,-0.0079827087195118,0.2777777777777778,0.1141394455719292,0.0100508690616641,0.0229998501844824,0.000465269470008,,,
30,-0.0091483118557531,0.3888888888888889,0.1321216136139413,0.0135353041724357,0.0266905307202423,0.000628692820318,,,
31,-0.0093475602551105,0.5,0.1324055425830257,0.0147483026066942,0.0278608408520616,0.0006888495702609,,,
32,-0.0079777275095279,0.5,0.112814443716202,0.0125347902153486,0.0256851280083986,0.0005960816645915,,,
33,-0.0048594900595834,0.5,0.0947376326844952,0.008513024710775,0.0211672844773734,0.0004244392885068,,,
34,-0.0008645596524661,0.2222222222222222,0.0801626122714959,0.0052239308119978,0.01658142716859,0.0002741962635545,,,
35,0.0026372309662415,0.2222222222222222,0.0717393861886587,0.0037389299051385,0.0140280356600977,0.0001898307973116,,,
36,0.0043358235707639,0.3333333333333333,0.0718340291783535,0.0037218451489481,0.0139959489419883,0.0001770872207499,,,
37,0.0036135481230931,0.3333333333333333,0.0771340366012623,0.0045780403144074,0.015522547800924,0.000227891760194,,,
38,0.0009087511018154,0.4444444444444444,0.0900054831997551,0.0056913612903804,0.0173073779375344,0.0002987195025076,,,
39,-0.002448584427358,0.5555555555555556,0.0963465635093068,0.0062214637126683,0.018095454085529,0.0003214498928635,,,
40,-0.0050985881388124,0.5555555555555556,0.0860304776325735,0.0055154818773613,0.0170378554947835,0.0002642929188518,,,
41,-0.006000187145905,0.4444444444444444,0.064925090930633,0.0039451846430356,0.0144097639467784,0.0001716390512159,,,
42,-0.0051832687085393,0.4444444444444444,0.0442929191771665,0.0024352132438886,0.0113211800665567,0.0001013028435944,,,
43,-0.0033850519043381,0.3333333333333333,0.0348286202076865,0.0018783342501453,0.0099428213991839,8.740112098100749e-05,,,
44,-0.0015868351001369,0.2777777777777778,0.0384250538160889,0.0025050185397837,0.0114822942411892,0.0001293250354062,,,
45,-0.0004909689036708,0.2777777777777778,0.0504447135073286,0.0039503506558243,0.0144191952761522,0.0002076721419474,,,
46,-7.254726502015213e-05,0.2777777777777778,0.0594357975283346,0.0051965062080823,0.0165378452871338,0.0002734950636355,,,
47,0.0002014192840963,0.2777777777777778,0.062085801239789,0.0052155809760997,0.01656817014338,0.0002744636921719,,,
48,0.0009685256216226,0.2777777777777778,0.0557447209302374,0.0039878319343349,0.0144874390863529,0.000208947849401,,,
49,0.0025027382966752,0.3888888888888889,0.0447661341256405,0.0026939338456249,0.0119073923205292,0.0001355222928933,,,
50,0.0044553726103784,0.3333333333333333,0.0393714837130369,0.0023550433762938,0.0111332677765285,0.0001040993062865,,,
51,0.0059397731855916,0.2777777777777778,0.0386143397954785,0.002712024482526,0.0119473064185725,0.0001074572251629,,,
52,0.0061390215849491,0.2777777777777778,0.0326518314447061,0.0027199949976503,0.0119648498300347,0.0001054700454348,,,
53,0.0046247337498323,0.3333333333333333,0.0406964855687641,0.0021508847539175,0.0106397584903277,9.181629847566396e-05,,,
54,0.0018352561588276,0.3333333333333333,0.0451447060844198,0.0019658656336815,0.0101718539263513,0.0001000984471305,,,
55,-0.0012331691912774,0.4444444444444444,0.0629375881470422,0.0029654795754675,0.0124931129984895,0.0001545571661387,,,
56,-0.0034049767442739,0.4444444444444444,0.0758090347455351,0.0045919811068863,0.0155461640333528,0.0002300893495228,,,
57,-0.0039678534724587,0.5,0.0807304702096647,0.0054893750664246,0.0169974844368289,0.0002731706160013,,,
58,-0.0029267805858159,0.5,0.0756197487661455,0.0048497756902797,0.0159765876243954,0.0002466853075224,,,
59,-0.0009741462721127,0.5,0.0613286573222306,0.0032043920141473,0.012986616621388,0.0001677032503114,,,
60,0.0008888262618796,0.5,0.0441036331977769,0.0017976770373397,0.0097270026684801,9.382456878881378e-05,,,
61,0.0019249179385385,0.2777777777777778,0.0327464744344009,0.00141218676627,0.0086212307286937,7.062031020726599e-05,,,
62,0.0019049930986027,0.1666666666666666,0.0395607696924265,0.0018114834413242,0.0097642835760699,9.171223504818426e-05,,,
63,0.0011627928109961,0.2222222222222222,0.0396554126821213,0.0021967023658071,0.0107524840846126,0.0001142638268685,,,
64,0.0002562125939196,0.2222222222222222,0.0405071995893745,0.0022241264759031,0.0108193940775547,0.0001169936433121,,,
65,-0.0004411568038314,0.3333333333333333,0.0562179358787114,0.0025034111647891,0.0114786097745903,0.0001315638630317,,,
66,-0.0009044093323376,0.2777777777777778,0.0684268815493406,0.0037503449276256,0.014049433267509,0.0001965686188977,,,
67,-0.0013826054907955,0.2222222222222222,0.0862197636119631,0.0056431074204359,0.017233851969515,0.0002950940557639,,,
68,-0.0022194487680969,0.2222222222222222,0.0951162046432744,0.0070047981062308,0.0192008745774369,0.0003637476317042,,,
69,-0.0034597700540972,0.1111111111111111,0.0935072738184628,0.0071060475862019,0.0193391443589664,0.0003620324957097,,,
70,-0.0047249973900171,0.2222222222222222,0.0923715579421252,0.0063824624556154,0.0183280952805068,0.0003135934762756,,,
71,-0.0054223667877683,0.2777777777777778,0.0863144066016579,0.0057306362774458,0.0173669927061378,0.0002722103740739,,,
72,-0.0051683250785875,0.3888888888888889,0.0765661786630935,0.00541502901279,0.016881988241583,0.0002582899428709,,,
73,-0.0039230225826033,0.3888888888888889,0.0771340366012623,0.0051331023362393,0.0164366444524027,0.000254773174671,,,
74,-0.0021198245684182,0.3888888888888889,0.0799733262921063,0.0047805127918454,0.0158620911740198,0.000247112280212,,,
75,-0.000396325913976,0.5555555555555556,0.0767554646424831,0.0044489663171839,0.0153021606957008,0.0002339990477269,,,
76,0.0006746342325703,0.5555555555555556,0.0690893824772043,0.0040293964131693,0.0145627434032864,0.0002116183640822,,,
77,0.001018337721462,0.4444444444444444,0.0595304405180294,0.0031751406229482,0.0129272063635458,0.0001660756526507,,,
78,0.0009286759417511,0.4444444444444444,0.050728642476413,0.0020758580936815,0.0104525446251682,0.0001083932501363,,,
79,0.0008689014219439,0.3888888888888889,0.0433464892802185,0.0014065461284357,0.008603995792763,7.327375392082748e-05,,,
80,0.001172755230964,0.5,0.0402232706202901,0.001576410474381,0.0091087305556727,8.159361750409198e-05,,,
81,0.0017904252689722,0.3888888888888889,0.0541357901054258,0.0024520012340021,0.0113601362899584,0.0001258470738826,,,
82,0.0024080953069804,0.5,0.0636947320646006,0.0035309405160273,0.0136322769384924,0.0001800400515202,,,
83,0.0025824376564181,0.4444444444444444,0.066344735776055,0.0042276264701355,0.014916657008959,0.0002158376720736,,,
84,0.0020992602879763,0.4444444444444444,0.061612586291315,0.0040797106197027,0.0146533822567795,0.0002103147178066,,,
85,0.0010482249813656,0.3333333333333333,0.0581107956726074,0.0031806070387105,0.0129383295080335,0.0001663015948468,,,
86,-0.000157227834747,0.3333333333333333,0.0547036480435946,0.0021666671482654,0.0106787224454332,0.0001140103924745,,,
87,-0.001103657731695,0.5,0.0451447060844197,0.0016395776358949,0.0092894326944084,8.507549939521462e-05,,,
88,-0.0014573236405545,0.3333333333333333,0.0363429080428033,0.0015841655026474,0.0091311079129689,8.125333952496552e-05,,,
89,-0.0011983007213898,0.2222222222222222,0.0316107585580633,0.0016046274187129,0.009189889807234,8.301815005022058e-05,,,
90,-0.0006204803632532,0.2222222222222222,0.0278250389702713,0.0014057156375962,0.0086014553162647,7.360003767651604e-05,,,
91,-0.0002020587246025,0.3333333333333333,0.0303803996920309,0.001086745032833,0.0075628768991179,5.7156279263023445e-05,,,
92,-0.0004013071239599,0.5,0.0403179136099849,0.0013613771906822,0.0084647168345161,7.14903836808002e-05,,,
93,-0.0014075115407152,0.5,0.0595304405180294,0.0028461629745932,0.0122392014157125,0.0001478169625571,,,
94,-0.003081198095318,0.3888888888888889,0.0788376104157687,0.0047124207399438,0.015748718811623,0.0002385283625049,,,
95,-0.004889377319487,0.3888888888888889,0.0790268963951583,0.0049910853136716,0.0162076741304716,0.0002387826901472,,,
96,-0.0061795107053267,0.1666666666666666,0.057826866703523,0.0033992585185424,0.013375662341775,0.0001407219905239,,,
97,-0.0064285712045235,0.2777777777777778,0.0306643286611153,0.0022726430886282,0.0109367634215213,7.828626640669656e-05,,,
98,-0.005526972197431,0.3333333333333333,0.045996492991673,0.003298032208606,0.0131750006663459,0.000143033220887,,,
99,-0.003942947422539,0.3333333333333333,0.0536625751569518,0.0047525947797964,0.0158157063502616,0.0002345897329807,,,
100,-0.002368885067615,0.3333333333333333,0.0504447135073286,0.0041636212195614,0.014803309053191,0.0002135263424607,,,
101,-0.0014324175906349,0.4444444444444444,0.0425893453626601,0.0021547741523703,0.0106493739681835,0.0001113573457602,,,
102,-0.0013975491207473,0.5555555555555556,0.0286768258775245,0.001143776043191,0.0077587846416381,5.824559557041802e-05,,,
103,-0.0019255573790446,0.3888888888888889,0.0370054089706669,0.0013648522825511,0.0084755135927322,6.812655944059512e-05,,,
104,-0.0023639038576311,0.2777777777777778,0.0344500482489073,0.0013523296518385,0.0084365422320764,6.558720338548656e-05,,,
105,-0.0021995239281611,0.4444444444444444,0.0373839809294461,0.0012942014070541,0.0082532335196069,6.327795801861035e-05,,,
106,-0.0016366471999763,0.4444444444444444,0.052148287321835,0.0024033491266967,0.0112468688664814,0.0001238134452426,,,
107,-0.0013925679107634,0.4444444444444444,0.0623697302088734,0.0037139738671159,0.0139811411835935,0.0001935330634094,,,
108,-0.0023140917577917,0.5,0.0572590087653542,0.0034939514563153,0.013560685156412,0.0001785371612478,,,
109,-0.0048196403797119,0.5,0.0595304405180294,0.0032191230418546,0.013016433018253,0.0001461985951289,,,
110,-0.0082168255887569,0.2777777777777778,0.0769447506218727,0.0059314522498841,0.0176686642778202,0.0002446654746062,,,
111,-0.0111208710093921,0.1666666666666666,0.0939804887669367,0.0103286088063838,0.0233154667508432,0.0004199372178021,,,
112,-0.0120025451765489,0.2777777777777778,0.0942644177360211,0.011397239957096,0.0244919320304463,0.0004557936438689,,,
113,-0.0101495350625244,0.2222222222222222,0.0704143843329315,0.0075725918116224,0.0199639040212479,0.0002955444017841,,,
114,-0.0062691724850376,0.5,0.0473214948474002,0.0032619895258005,0.0131028111202391,0.0001323811356055,,,
115,-0.0022343923980487,0.4444444444444444,0.0371946949500565,0.0021015464457824,0.0105170199045527,0.0001056151982842,,,
116,-8.250968498802571e-05,0.4444444444444444,0.0422107734038809,0.0026589394007399,0.0118298004626585,0.0001399373711381,,,
117,-0.0007499918228355,0.4444444444444444,0.050728642476413,0.0025971327425563,0.0116915010574626,0.0001361287092423,,,
118,-0.0037337366032137,0.4444444444444444,0.0397500556718161,0.002627117474955,0.0117587984414695,0.0001243285517649,,,
119,-0.0072255648019534,0.2777777777777778,0.0529054312393934,0.0038663489297661,0.014265063930283,0.0001512832622278,,,
120,-0.0092628796853836,0.3333333333333333,0.0641679470130746,0.0049940208123724,0.0162124396884362,0.0001770422605852,,,
121,-0.0088992513565562,0.2222222222222222,0.0641679470130746,0.0045930058180411,0.0155478985177404,0.0001625404736107,,,
122,-0.0066228383938971,0.0555555555555555,0.0560286498993218,0.0032866376997174,0.0131522215448219,0.0001291189431723,,,
123,-0.0040525340421857,0.2777777777777778,0.0467536369092314,0.0023105224386968,0.0110275311897966,0.0001051834119788,,,
124,-0.0026279079867797,0.3888888888888889,0.0422107734038809,0.0020090299072362,0.0102829186601046,9.883251578334844e-05,,,
125,-0.0028520624360569,0.5,0.0575429377344386,0.0028243134094814,0.0121921316505044,0.000140513814044,,,
126,-0.0038483044328442,0.3333333333333333,0.0817715430963075,0.0046241280979061,0.0156004859875482,0.0002285657160398,,,
127,-0.004187026711752,0.3333333333333333,0.0923715579421252,0.0054829256478628,0.0169874964046514,0.0002710438414131,,,
128,-0.0029068557458802,0.4444444444444444,0.0813929711375283,0.003931009620093,0.0143838535574717,0.0001984454328354,,,
129,-0.000162209044731,0.3888888888888889,0.0522429303115298,0.0016210689112461,0.0092368509991975,8.529310460718333e-05,,,
130,0.0025276443465948,0.5,0.0282982539187453,0.000900658469555,0.0068849892770432,4.101409140212695e-05,,,
131,0.0035886420731734,0.5,0.0286768258775245,0.0012864023527806,0.0082283283228403,5.482703505910656e-05,,,
132,0.0021092227079441,0.3888888888888889,0.0318946875271477,0.0011570713225576,0.0078037485006199,5.644967022922127e-05,,,
133,-0.001188338301422,0.3333333333333333,0.0305696856714205,0.0011135176429644,0.0076554680937856,5.719404381634343e-05,,,
134,-0.0044609932608685,0.3333333333333333,0.0432518462905237,0.0021968027489518,0.0107527297610075,9.572073643974294e-05,,,
135,-0.0058756568963065,0.2222222222222222,0.054041147115731,0.0031169227585479,0.0128081445275795,0.0001295252222762,,,
136,-0.0046104295603866,0.3333333333333333,0.050728642476413,0.0024002285167695,0.0112395647901545,0.0001050717559407,,,
137,-0.0014373988006188,0.3333333333333333,0.0332196893828749,0.0011512789694743,0.0077841910287668,5.8527514660314105e-05,,,
138,0.0019099743085867,0.3888888888888889,0.0249857492794273,0.0009731436946633,0.0071566814371472,4.7570087333346745e-05,,,
139,0.0037430595826754,0.3888888888888889,0.0335036183519593,0.0014426213674361,0.0087136353143435,6.191694535191618e-05,,,
140,0.0033545252039284,0.3888888888888889,0.0356804071149397,0.0016404380587966,0.009291869844107,7.508600585603513e-05,,,
141,0.0012923042705785,0.3888888888888889,0.0435357752596081,0.0019626051745308,0.0101634152323829,0.000101624958858,,,
142,-0.0010588268418396,0.3888888888888889,0.0566911508271854,0.0027255369684932,0.0119770327765779,0.0001423281998502,,,
143,-0.0026428516167315,0.3333333333333333,0.0572590087653542,0.0032356675919154,0.0130498388615085,0.0001633136296432,,,
144,-0.0031260289851734,0.4444444444444444,0.0443875621668613,0.0031946481059601,0.0129668567508822,0.0001583673167817,,,
145,-0.0030562920453983,0.3333333333333333,0.0460911359813678,0.0030980762987493,0.0127693636216764,0.0001537157262358,,,
146,-0.0030961417252698,0.3333333333333333,0.0459964929916729,0.0029554012087069,0.0124718656197541,0.0001459613384542,,,
147,-0.0034547888441132,0.2777777777777778,0.0415482724760173,0.0024293096579884,0.0113074490072706,0.0001159228370946,,,
148,-0.0035593942537759,0.2777777777777778,0.0335036183519593,0.0016259301527562,0.0092506903092524,7.290598374388334e-05,,,
149,-0.002607983146844,0.2777777777777778,0.0290553978363037,0.000906728852288,0.0069081525151847,4.092099507883087e-05,,,
150,-0.000157227834747,0.3888888888888889,0.0244178913412585,0.0006644212056427,0.0059135046409969,3.494481654707344e-05,,,
151,0.0031602580145548,0.5,0.0354911211355501,0.0016351461859444,0.0092768704623931,7.607309485746494e-05,,,
152,0.0059547168155434,0.3888888888888889,0.0476054238164846,0.0036696233051244,0.0138974123019632,0.0001576794163374,,,
153,0.0066520862132946,0.3888888888888889,0.0527161452600038,0.0045208567956787,0.0154252984201768,0.0001936895803624,,,
154,0.0046097901198805,0.3888888888888889,0.0427786313420497,0.0026671193326209,0.0118479830231517,0.0001191245367675,,,
155,0.000465423413245,0.5,0.0200643138152976,0.0005711644231917,0.0054828172896006,2.9844666477547197e-05,,,
156,-0.0040874025120732,0.3888888888888889,0.0362482650531085,0.0017426359849693,0.0095769349699911,7.50108241237358e-05,,,
157,-0.0072853393217607,0.2222222222222222,0.0669125937142239,0.005194083910473,0.0165339903651029,0.0002202966683601,,,
158,-0.0082168255887569,0.3333333333333333,0.0780804664982103,0.0067111669084262,0.0187941296943966,0.0002857030882137,,,
159,-0.0071906963320659,0.3333333333333333,0.0695625974256783,0.0049658150421399,0.0161665916763063,0.0002096525726884,,,
160,-0.0054273479977522,0.2222222222222222,0.0499714985588546,0.0026209226310631,0.0117449264098054,0.000108487190083,,,
161,-0.0041322334019286,0.5,0.0342607622695177,0.0017882338780891,0.0097014211603768,7.704221964299217e-05,,,
162,-0.0037686050731013,0.5,0.0388982687645629,0.0018511172176184,0.0098705228828019,8.322483778291147e-05,,,
163,-0.0037735862830852,0.5,0.0353964781458553,0.0016541548359867,0.0093306366793164,7.282082740551658e-05,,,
164,-0.0031359914051413,0.5,0.0345446912386021,0.0012825154994959,0.0082158880081793,5.7666373669825374e-05,,,
165,-0.0012032819313738,0.2777777777777778,0.0354911211355501,0.0015184130386231,0.0089396015412884,7.846858831063569e-05,,,
166,0.0017007634892613,0.5,0.0417375584554069,0.0028021703476906,0.0121442434872847,0.000144590053432,,,
167,0.004410541720523,0.5,0.053567932167257,0.0042955571320938,0.0150360218914688,0.0002066290760522,,,
168,0.0055562200168285,0.5,0.0571643657756594,0.0044581369835844,0.0153179237695487,0.0002037672077343,,,
169,0.0044503914003945,0.5,0.0460911359813678,0.0030552616263699,0.0126808218776684,0.0001409972598764,,,
170,0.0015164587198557,0.3888888888888889,0.0353964781458553,0.0019111102594316,0.0100291949076885,9.828510344737882e-05,,,
171,-0.0018508392292856,0.2777777777777778,0.0403179136099849,0.0021557786815324,0.0106518559824158,0.0001100364300174,,,
172,-0.0040774400921053,0.1666666666666666,0.0372893379397513,0.0024981667675019,0.0114665801984493,0.0001148569437427,,,
173,-0.004341444221254,0.2777777777777778,0.0313268295889789,0.0018574744283246,0.009887457307978,7.891367409082893e-05,,,
174,-0.0028869309059444,0.3888888888888889,0.0333143323725697,0.0013355274055665,0.0083839678006567,6.195654602675108e-05,,,
175,-0.0008944469123697,0.3888888888888889,0.0385196968057837,0.0018310481284349,0.0098168708929147,9.557091884910816e-05,,,
176,0.0002860998538233,0.3888888888888889,0.0415482724760173,0.0021748817307613,0.0106989466544026,0.0001143856063873,,,
177,-0.0001223593648595,0.3888888888888889,0.0338821903107385,0.0015636380198549,0.0090717549507855,8.228176607293352e-05,,,
178,-0.0019654070589161,0.3888888888888889,0.0381411248470045,0.0014562850676541,0.0087548033963142,7.278375760087789e-05,,,
179,-0.0044012187410612,0.2777777777777778,0.0598143694871138,0.0030094493567625,0.0125853911901281,0.0001390213450018,,,
180,-0.0063837403146681,0.5,0.0693733114462887,0.0049734057390816,0.0161789430060734,0.0002210060563886,,,
181,-0.0072803581117767,0.6111111111111112,0.0634108030955162,0.0055193326782323,0.0170438022046484,0.0002374875793554,,,
182,-0.0070860909224032,0.5,0.0506339994867182,0.004670671827452,0.0156788020276994,0.0001956121484632,,,
183,-0.0062841161149894,0.3888888888888889,0.0436304182493029,0.0035863767495199,0.0137388744454327,0.0001492665556806,,,
184,-0.0054622164676398,0.5,0.0388982687645629,0.0029604818696845,0.0124825812733807,0.0001259790265072,,,
185,-0.0049541330492782,0.3888888888888889,0.0388036257748681,0.0026679247685753,0.0118497718578422,0.0001158736588129,,,
186,-0.0046901289201296,0.3888888888888889,0.0371000519603617,0.0022173318825951,0.0108028550870278,9.470436874388636e-05,,,
187,-0.0043663502711737,0.3888888888888889,0.0256482502072909,0.001439444350121,0.0087040352109661,5.669521426315998e-05,,,
188,-0.0037387178131976,0.4444444444444444,0.0236607474237001,0.0009055338265457,0.0069035987051214,3.368166419463293e-05,,,
189,-0.0028321375961211,0.3333333333333333,0.0281089679393557,0.0010768541889675,0.0075283820480533,4.865553289808828e-05,,,
190,-0.0019604258489322,0.3333333333333333,0.0308536146405049,0.0013707880930402,0.0084939238128772,6.830347222980116e-05,,,
191,-0.0014075115407152,0.6111111111111112,0.0297178987641673,0.0013226344978664,0.0083434011046437,6.763125325572404e-05,,,
192,-0.0014872109004582,0.6111111111111112,0.0431572033008289,0.0017132555798616,0.0094958594296939,8.795955004606654e-05,,,
193,-0.0020799748885467,0.5,0.0647358049512434,0.0028912612272645,0.0123357871066357,0.0001478453480032,,,
194,-0.0029118369558641,0.5,0.065398305879107,0.0033422193041806,0.0132629664542817,0.0001674274847098,,,
195,-0.0035743378837277,0.3888888888888889,0.0432518462905237,0.0021265252935195,0.0105793375912411,9.91464925623966e-05,,,
196,-0.0038233983829246,0.4444444444444444,0.022241102578278,0.0008116275122295,0.0065358425230238,2.8098862291216665e-05,,,
197,-0.0035693566737438,0.4444444444444444,0.02129467268133,0.000862516950185,0.0067376278434704,3.2655321892708883e-05,,,
198,-0.0030612732553822,0.2777777777777778,0.0297178987641673,0.0012587937874914,0.0081395518675669,5.688091066069405e-05,,,
199,-0.0026528140366994,0.2777777777777778,0.0284875398981349,0.0010398395224268,0.0073978642808046,4.769097360389537e-05,,,
200,-0.0025930395168922,0.2222222222222222,0.0267839660836285,0.0013151738024723,0.0083198361651136,6.249581987816821e-05,,,
201,-0.0030114611555429,0.1666666666666666,0.0500661415485494,0.0024160983896522,0.0112766605490985,0.0001180941748482,,,
202,-0.0037536614431494,0.1666666666666666,0.0501607845382442,0.0025614230260977,0.0116108457149198,0.0001207217639858,,,
203,-0.0045207677806757,0.3888888888888889,0.0286768258775245,0.0015324710400032,0.0089808891835099,6.021902919969048e-05,,,
204,-0.0049840203091819,0.4444444444444444,0.0270678950527129,0.0017092767096494,0.0094848264131092,6.512147364447712e-05,,,
205,-0.0049441706293104,0.3333333333333333,0.053094717218783,0.003450022889556,0.0134751679797284,0.0001571353288701,,,
206,-0.0043862751111094,0.3333333333333333,0.0613286573222306,0.0038986681855263,0.0143245615079877,0.0001859536530457,,,
207,-0.0035693566737438,0.6666666666666666,0.0413589864966277,0.0022813167279448,0.0109576138584449,0.0001073289944063,,,
208,-0.0028620248560247,0.6111111111111112,0.0333143323725697,0.0012616407295906,0.0081487510492509,5.821095738616395e-05,,,
209,-0.0025382462070688,0.5,0.0420214874244913,0.0018429511306302,0.0098487272237537,9.05547341202093e-05,,,
210,-0.0026328891967636,0.5,0.0394661267027317,0.001935678203482,0.0100934533328918,9.494569466083136e-05,,,
211,-0.0029018745358962,0.5,0.0284875398981349,0.0010824377885059,0.0075478745300491,4.854953409928208e-05,,,
212,-0.0030264047854947,0.3888888888888889,0.0327464744344009,0.001364465878912,0.0084743137555172,6.265486770128327e-05,,,
213,-0.002607983146844,0.2777777777777778,0.0453339920638094,0.0026659416881679,0.0118453670449627,0.0001335111443356,,,
214,-0.0016964217197835,0.2777777777777778,0.0403179136099849,0.002530681108485,0.0115409593427862,0.0001303158959004,,,
215,-0.0006852360930443,0.4444444444444444,0.0315161155683685,0.0011856743317442,0.0078996146866202,6.193436369385484e-05,,,
216,-0.0001373029948113,0.3333333333333333,0.0405071995893745,0.0014942267042839,0.0088681176554997,7.86246586394023e-05,,,
217,-0.000635423993205,0.5,0.0723072441268275,0.0038740136242595,0.0142791965428169,0.0002034916902572,,,
218,-0.0021795990882254,0.3888888888888889,0.0780804664982103,0.0055282987182148,0.0170576402363386,0.0002862124382469,,,
219,-0.0042318576016074,0.3888888888888889,0.0590572255695554,0.0050092691209421,0.0162371716504901,0.0002457371244471,,,
220,-0.0058358072164351,0.4444444444444444,0.0415482724760173,0.0035078045068501,0.0135875417141667,0.0001505646439668,,,
221,-0.0060948301355998,0.3333333333333333,0.0279196819599661,0.0021526339031634,0.0106440838600196,7.614956683731528e-05,,,
222,-0.0046951101301135,0.3333333333333333,0.0215786016504144,0.0010798534736345,0.0075388588890619,3.4790334215292686e-05,,,
223,-0.0021546930383057,0.4444444444444444,0.019401812887434,0.0006811767587035,0.0059876045588214,3.1208706263495654e-05,,,
224,0.0003408931636466,0.5555555555555556,0.0350179061870761,0.0011057703320608,0.0076287901091535,5.8082230380497615e-05,,,
225,0.0016061204995665,0.3333333333333333,0.0401286276305953,0.0014869001411536,0.0088463496520306,7.567827910685532e-05,,,
226,0.0009834692515744,0.3333333333333333,0.0366268370118877,0.0014168116828964,0.0086353364695255,7.360182417312513e-05,,,
227,-0.0012082631413577,0.2222222222222222,0.0366268370118877,0.0016956327191403,0.0094468951154956,8.778392750441155e-05,,,
228,-0.0037984923330049,0.2222222222222222,0.0418322014451017,0.0025256886760923,0.0115295699378698,0.0001185024389483,,,
229,-0.0055070473574952,0.2222222222222222,0.0388036257748681,0.0026531444055776,0.0118169022692466,0.0001093116086432,,,
230,-0.0055568594573346,0.3888888888888889,0.0280143249496609,0.00161488226059,0.009219208381903,5.411511616038293e-05,,,
231,-0.004187026711752,0.5,0.020821457732856,0.0009730169373884,0.0071562153235693,3.3680225072364496e-05,,,
232,-0.0023489602276792,0.5555555555555556,0.0440089902080821,0.0018934142337627,0.0099826539920181,9.413576657313664e-05,,,
233,-0.0012132443513416,0.3888888888888889,0.0690893824772043,0.0035267453550675,0.0136241761799568,0.0001841462147264,,,
234,-0.0012979249210686,0.3888888888888889,0.0789322534054635,0.0045948331565729,0.0155509910947874,0.0002401487149294,,,
235,-0.0022543172379844,0.3888888888888889,0.0737268889722495,0.0049590832974092,0.016155630104523,0.0002559224378646,,,
236,-0.0031110853552216,0.2777777777777778,0.0615179433016202,0.0048045709305228,0.0159019544156698,0.0002431933021505,,,
237,-0.0029666302656874,0.1666666666666666,0.0501607845382442,0.0039157772867293,0.0143559583938797,0.0001972926462735,,,
238,-0.0017512150296068,0.2777777777777778,0.0441036331977769,0.0025846442937642,0.0116633575868237,0.0001329671561181,,,
239,-0.0002518708244418,0.2777777777777778,0.0346393342282969,0.0016900147754678,0.0094312324792284,8.88847071650478e-05,,,
240,0.0003757616335341,0.3333333333333333,0.0328411174240957,0.0015018558581295,0.0088907280446943,7.890384835947894e-05,,,
241,-0.0006553488331407,0.4444444444444444,0.0339768333004333,0.0014169183378384,0.0086356614894238,7.414516726681852e-05,,,
242,-0.0030064799455589,0.5555555555555556,0.0244178913412585,0.0012394953357909,0.0080769175197333,5.619767495752752e-05,,,
243,-0.005526972197431,0.4444444444444444,0.0210107437122456,0.0014305256701509,0.0086770285665534,4.474340307360902e-05,,,
244,-0.0066128759739292,0.4444444444444444,0.0265946801042389,0.0017492083222133,0.0095949776396802,4.833346725939343e-05,,,
245,-0.0055020661475113,0.4444444444444444,0.0264053941248493,0.0014952441847168,0.0088711364747431,4.842433046192813e-05,,,
246,-0.0027424758164103,0.3888888888888889,0.0225250315473624,0.0009490409787306,0.0070674978030664,4.242835159275326e-05,,,
247,7.688903449795426e-05,0.2777777777777778,0.0323679024756217,0.001089383574529,0.0075720524038591,5.733006568316359e-05,,,
248,0.0012474733807231,0.3888888888888889,0.0360589790737189,0.0018340553285713,0.0098249288964116,9.497303798393163e-05,,,
249,-0.0001472654147792,0.3888888888888889,0.0342607622695177,0.0021254823253999,0.0105767429206975,0.0001118458037081,,,
250,-0.0035643754637598,0.3888888888888889,0.0415482724760173,0.0019007664396146,0.0100020167429918,8.733556648043494e-05,,,
251,-0.0072654144818249,0.1111111111111111,0.0364375510324981,0.0022457021679017,0.0108717455333628,6.540860334948304e-05,,,
252,-0.0097161697939219,0.2222222222222222,0.0424947023729653,0.0036697099804649,0.0138975764272331,9.873867508646526e-05,,,
253,-0.0100499108628456,0.2222222222222222,0.0599090124768086,0.0051753948649365,0.0165042177463129,0.0001713884950665,,,
254,-0.008919176196492,0.4444444444444444,0.0619911582500942,0.0055753686862662,0.0171301038284041,0.0002138887531478,,,
255,-0.007574249500829,0.3333333333333333,0.056880436806575,0.0046918066040418,0.015714235256175,0.0001895679341856,,,
256,-0.0072156023819856,0.3333333333333333,0.0527161452600038,0.0034612112762109,0.0134970002051351,0.0001301040968025,,,
257,-0.0078781033098492,0.3333333333333333,0.0368161229912773,0.0028750539077662,0.0123011636329471,8.925411496388364e-05,,,
258,-0.0085804539175843,0.2222222222222222,0.0371000519603617,0.0029977557031272,0.0125609162067926,8.415242652227734e-05,,,
259,-0.0080375020293351,0.2222222222222222,0.0406964855687641,0.0029878847670773,0.0125402190173884,9.265565413250292e-05,,,
260,-0.0055568594573346,0.3333333333333333,0.0438197042286925,0.0023536441641136,0.0111299599566917,9.299732160899198e-05,,,
261,-0.0018060083394301,0.3333333333333333,0.0385196968057837,0.0017021580638708,0.0094650550193603,8.632560039742757e-05,,,
262,0.0015015150899038,0.2222222222222222,0.0323679024756217,0.0015517871177604,0.0090373118900433,7.941845863270937e-05,,,
263,0.0025674940264663,0.3333333333333333,0.0304750426817257,0.0014984358292785,0.0088805992841835,7.227301807030044e-05,,,
264,0.0006148597127631,0.5555555555555556,0.0325571884550113,0.0012042246527848,0.0079611710748742,6.300219241703449e-05,,,
265,-0.0035344882038562,0.5555555555555556,0.0280143249496609,0.0013963298518367,0.0085726918079161,6.099843797031324e-05,,,
266,-0.007888065729817,0.3333333333333333,0.0326518314447061,0.0026344422142529,0.0117751795477493,7.643327242382045e-05,,,
267,-0.010418520401657,0.3333333333333333,0.0417375584554069,0.0041368018731472,0.0147555553733558,0.0001091808470164,,,
268,-0.0100748169127653,0.3333333333333333,0.0531893602084778,0.0046649434117806,0.0156691843266374,0.0001440214016363,,,
269,-0.0073500950515519,0.3333333333333333,0.0553661489714582,0.0039215066397895,0.0143664569850994,0.0001523711890378,,,
270,-0.0038283795929085,0.3888888888888889,0.0463750649504522,0.0025979178414829,0.0116932680621282,0.0001220760276653,,,
271,-0.0012032819313738,0.5,0.0354911211355501,0.0015344286829742,0.008986623635552,7.931151696069283e-05,,,
272,-0.0004212319638957,0.3888888888888889,0.0288661118569141,0.0012766574461865,0.0081971029740824,6.701506080030432e-05,,,
273,-0.0012182255613256,0.2777777777777778,0.0443875621668613,0.0016278251703815,0.0092560795679084,8.419093544918447e-05,,,
274,-0.0026378704067476,0.2777777777777778,0.0477000668061794,0.0018179341432379,0.0097816534584365,8.872238409814937e-05,,,
275,-0.0036042251436313,0.2222222222222222,0.0392768407233421,0.0014541703133125,0.0087484444130388,6.354484076204656e-05,,,
276,-0.0037935111230209,0.5555555555555556,0.0254589642279013,0.0010218397884935,0.0073335558564493,3.9390314859178654e-05,,,
277,-0.0035195445739044,0.4444444444444444,0.0228089605164469,0.0010837662581752,0.0075525048412857,4.4653135369944e-05,,,
278,-0.0034498076341293,0.3888888888888889,0.0300018277332517,0.0015176634049689,0.0089373945484214,6.797584860165577e-05,,,
279,-0.0041123085619929,0.5,0.0379518388676149,0.0018979444770253,0.0099945892652115,8.298073287124124e-05,,,
280,-0.0053127801681217,0.2777777777777778,0.0381411248470045,0.0020185270880263,0.0103071949525978,7.801263467607046e-05,,,
281,-0.0064783833043629,0.2777777777777778,0.0296232557744725,0.001935773010345,0.0100937005116142,5.991333977991235e-05,,,
282,-0.0068768801030779,0.3333333333333333,0.0272571810321025,0.0018929242644193,0.009981362274969,5.2336112912066736e-05,,,
283,-0.0061695482853588,0.4444444444444444,0.0418322014451017,0.0022251191318611,0.0108218082248693,7.904820721047483e-05,,,
284,-0.004660241660226,0.3888888888888889,0.0501607845382442,0.0028121704275591,0.0121658937144598,0.0001262911175398,,,
285,-0.0029915363156071,0.5,0.0539465041260362,0.0031244250467445,0.0128235495676069,0.0001554941339852,,,
286,-0.0019454822189804,0.5,0.0486464967031274,0.002831822751829,0.0122083292357245,0.0001452584016634,,,
287,-0.0017661586595586,0.4444444444444444,0.0384250538160889,0.0021967115502712,0.0107525065627832,0.0001124970809719,,,
288,-0.0022742420779202,0.4444444444444444,0.0342607622695177,0.0014678682457013,0.0087895519486471,7.208404642898302e-05,,,
289,-0.0029467054257517,0.5555555555555556,0.0277303959805765,0.000967270142021,0.0071350511451012,4.222588197705603e-05,,,
290,-0.0032405968148039,0.6666666666666666,0.0298125417538621,0.0011707825234658,0.0078498492223732,5.111866509787554e-05,,,
291,-0.0029467054257517,0.6111111111111112,0.0431572033008289,0.0019458905043999,0.0101200439576742,9.373221683910478e-05,,,
292,-0.0022592984479684,0.3888888888888889,0.0485518537134326,0.0023713470888985,0.011171738518287,0.0001197033120439,,,
293,-0.0015669102602012,0.3888888888888889,0.0447661341256405,0.0022612025999902,0.0109092008487047,0.0001165554553938,,,
294,-0.0011534698315344,0.6111111111111112,0.052148287321835,0.0026326151348458,0.011771095586549,0.0001372281986554,,,
295,-0.0010389020019039,0.5,0.0691840254668991,0.0037147644124144,0.0139826290962345,0.0001944345990733,,,
296,-0.0010339207919199,0.3888888888888889,0.0718340291783535,0.0040649682054322,0.0146268826146499,0.0002128767028187,,,
297,-0.0007948227126909,0.3333333333333333,0.0621804442294838,0.0029695286046386,0.0125016390601996,0.0001556592360469,,,
298,-7.752847500408864e-05,0.3333333333333333,0.0520536443321402,0.0018771201886737,0.0099396076081445,9.878978873944766e-05,,,
299,0.0009735068316065,0.3888888888888889,0.0412643435069329,0.0018518308742341,0.0098724253785192,9.651706730324624e-05,,,
300,0.0020195609282333,0.2777777777777778,0.0435357752596081,0.0020828183303804,0.0104700533612986,0.0001055433910455,,,
301,0.0025226631366109,0.2777777777777778,0.0376679098985305,0.0017198475184403,0.0095141100710592,8.415446114341545e-05,,,
302,0.0022486965874944,0.3888888888888889,0.0331250463931801,0.0013464937988714,0.0084183189935665,6.581145833483356e-05,,,
303,0.0011279243411086,0.3333333333333333,0.0349232631973813,0.0015343522737538,0.0089863998814402,7.948316950988319e-05,,,
304,-0.0004710440637351,0.2777777777777778,0.0462804219607574,0.0020119039806942,0.0102902712886705,0.0001056678006844,,,
305,-0.0020052567387876,0.3888888888888889,0.0484572107237378,0.0027591920689117,0.0120507524746748,0.0001411995806174,,,
306,-0.0030861793053019,0.2777777777777778,0.0702250983535419,0.0041821932219997,0.0148362877006625,0.0002105909300323,,,
307,-0.0035643754637598,0.2777777777777778,0.0846108327871515,0.0058592102954363,0.0175607371494904,0.0002956747167868,,,
308,-0.0035095821539365,0.3888888888888889,0.0901947691791447,0.006734799407796,0.0188271911533852,0.0003421459598308,,,
309,-0.0031260289851734,0.3888888888888889,0.0794054683539375,0.0063664622711149,0.0183051075287098,0.0003253049044214,,,
310,-0.0026727388766351,0.3888888888888889,0.0670072367039187,0.0051557509894377,0.016472866029734,0.0002642117821308,,,
311,-0.0020749936785627,0.3888888888888889,0.057353651755049,0.0036212722640042,0.01380555239941,0.0001862876782867,,,
312,-0.0012431316112453,0.3888888888888889,0.0425893453626601,0.0021428407350611,0.0106198442229162,0.0001112357151161,,,
313,-1.775395519684634e-05,0.5,0.0335036183519593,0.0010677259838666,0.0074964060998609,5.619578921110681e-05,,,
314,0.0015314023498075,0.6111111111111112,0.0240393193824793,0.0006446305243757,0.0058247680070169,3.158272917857165e-05,,,
315,0.0030506713949082,0.4444444444444444,0.0288661118569141,0.0010782441700228,0.007533239220886,4.744309719938371e-05,,,
316,0.0041664624313101,0.4444444444444444,0.0391821977336473,0.0022243505163171,0.0108199389927191,9.971167061464556e-05,,,
317,0.0045450343900893,0.2777777777777778,0.0525268592806142,0.0030697533806336,0.0127108602148623,0.0001409086297946,,,
318,0.0041863872712458,0.3888888888888889,0.0505393564970234,0.0025601790828141,0.0116080259956866,0.0001172204291316,,,
319,0.003384412463832,0.3888888888888889,0.0354911211355501,0.0012584477004814,0.008138432865056,5.477984177368304e-05,,,
320,0.0025674940264663,0.3888888888888889,0.0234714614443105,0.0008960039632402,0.0068671757898303,4.056607775249101e-05,,,
321,0.0020992602879763,0.3888888888888889,0.0418322014451017,0.0018977850946637,0.0099941696020697,9.547653227826106e-05,,,
322,0.0020544293981208,0.3888888888888889,0.0465643509298418,0.0028388975625286,0.0122235699034986,0.0001451949810338,,,
323,0.0023383583672052,0.2777777777777778,0.0432518462905237,0.0026046787502792,0.0117084736527805,0.0001316204354243,,,
324,0.0027368551659202,0.2777777777777778,0.0379518388676149,0.0017728117616071,0.0096594969946602,8.581550599062566e-05,,,
325,0.0032001076944263,0.3333333333333333,0.0317054015477581,0.001326158607777,0.0083545090497256,5.9557132206021486e-05,,,
326,0.0037330971627076,0.2222222222222222,0.0353964781458553,0.0013996613563898,0.0085829125114038,5.973037275219771e-05,,,
327,0.0044603538203623,0.3333333333333333,0.0356804071149397,0.0017003281873495,0.0094599660268377,6.959620102610332e-05,,,
328,0.0052922158876798,0.3333333333333333,0.0371946949500565,0.0021225451902055,0.0105694325650747,8.370535574585176e-05,,,
329,0.0060543410152221,0.2777777777777778,0.0470375658783158,0.0025859958286834,0.0116664066282176,9.94499984863192e-05,,,
330,0.0065076311237604,0.2777777777777778,0.0512965004145818,0.0028338368021879,0.0122126698710114,0.0001068000425353,,,
331,0.0065674056435676,0.2777777777777778,0.046469707940147,0.0026751005423823,0.0118656970039076,9.766394850137829e-05,,,
332,0.0063482324042744,0.2777777777777778,0.0378571958779201,0.0023186716741082,0.0110469611780278,8.173529661017421e-05,,,
333,0.0062585706245636,0.3333333333333333,0.0323679024756217,0.0022036705179753,0.0107695245410746,7.681295257815856e-05,,,
334,0.0066072553234391,0.3888888888888889,0.0332196893828749,0.0024654672858828,0.0113912877278688,8.610561318998009e-05,,,
335,0.0074142113408369,0.3333333333333333,0.0381411248470045,0.0028537609560962,0.0122555271228005,9.52274152511042e-05,,,
336,0.0082560358281222,0.3333333333333333,0.0345446912386021,0.0030350096172912,0.0126387241554868,9.157522068324796e-05,,,
337,0.0085200399572709,0.2222222222222222,0.0291500408259985,0.0028559840162306,0.0122602996791541,7.772386734917286e-05,,,
338,0.0078326329794876,0.2222222222222222,0.0306643286611153,0.0023611621353926,0.0111477213517585,6.292155194509628e-05,,,
339,0.0063382699843065,0.1111111111111111,0.0309482576301997,0.0017342968939584,0.0095539930862729,5.110511749858992e-05,,,
340,0.0047343203694789,0.1111111111111111,0.0275411100011869,0.0012180631263232,0.0080067837235659,4.169479623509726e-05,,,
341,0.003852646202322,0.2222222222222222,0.0240393193824793,0.0010219778964386,0.0073340514273405,3.894542757860864e-05,,,
342,0.0041515188013583,0.3333333333333333,0.0285821828878297,0.0012121301057696,0.0079872599404488,4.656121299826716e-05,,,
343,0.0055014267070051,0.3333333333333333,0.0310429006198945,0.001767692315709,0.0096455397811058,6.277074185634533e-05,,,
344,0.0071153387418007,0.3333333333333333,0.0373839809294461,0.0024497801886281,0.0113549900661111,7.83077539909115e-05,,,
345,0.0081464492084756,0.2222222222222222,0.0375732669088357,0.0027983667446183,0.0121359985268238,8.091782553679665e-05,,,
346,0.0081713552583953,0.2222222222222222,0.0324625454653165,0.0025503502441541,0.0115857222570991,6.745791345973618e-05,,,
347,0.0073942865009012,0.3333333333333333,0.0236607474237001,0.0020507556855862,0.0103891534673281,5.325903691028662e-05,,,
348,0.0064976687037925,0.2222222222222222,0.0305696856714205,0.0018171112829228,0.0097794394493399,5.341773735906106e-05,,,
349,0.0061788712648206,0.3333333333333333,0.0371000519603617,0.0019509607226866,0.0101332197893511,6.450369319207154e-05,,,
350,0.0066819734731982,0.3333333333333333,0.0366268370118877,0.0022434131369533,0.0108662033677418,7.342560613260042e-05,,,
351,0.0076383657901141,0.3333333333333333,0.0315161155683685,0.0026249474193114,0.0117539409277135,7.981049538859372e-05,,,
352,0.0083108291379455,0.1111111111111111,0.0415482724760173,0.003129558391375,0.0128340796142946,9.564371858592874e-05,,,
353,0.008196261308315,0.2222222222222222,0.0508232854661078,0.0035810593344463,0.0137286855552934,0.0001212981076419,,,
354,0.0072647750413188,0.1111111111111111,0.0537572181466466,0.0037041542631702,0.0139626461509011,0.0001421785311343,,,
355,0.0061041531150615,0.1111111111111111,0.0551768629920686,0.0033506305107868,0.0132796451101652,0.0001390882889998,,,
356,0.005356971617471,0.2777777777777778,0.0485518537134326,0.0026970625081101,0.0119143047770982,0.0001132535134111,,,
357,0.0054466333971818,0.4444444444444444,0.0365321940221929,0.0022847655928449,0.0109658935192737,9.058500531275227e-05,,,
358,0.0062037773147402,0.3333333333333333,0.0383304108263941,0.0025818161419315,0.0116569747405431,9.739820713077564e-05,,,
359,0.007090432691881,0.1666666666666666,0.0445768481462509,0.0033870068339188,0.0133515361503715,0.0001279892818165,,,
360,0.0075337603804514,0.2777777777777778,0.0437250612389977,0.0038036740911404,0.0141489707476523,0.0001434358277478,,,
361,0.0072846998812545,0.1666666666666666,0.0360589790737189,0.0032835213102389,0.0131459845985459,0.0001197500587052,,,
362,0.0064777438638568,0.2777777777777778,0.0398446986615109,0.0024330670214915,0.0113161901285667,8.609499346013715e-05,,,
363,0.0056359193765714,0.1666666666666666,0.0415482724760173,0.0021679243306588,0.0106818200958915,8.233769334177929e-05,,,
364,0.0051228547482259,0.2222222222222222,0.0449554201050301,0.0022135015120735,0.0107935202590636,9.025643881139652e-05,,,
365,0.0051328171681938,0.3333333333333333,0.0390875547439525,0.0017238428181957,0.0095251545593088,6.438275729661708e-05,,,
366,0.0056209757466196,0.2222222222222222,0.020821457732856,0.0012087490240527,0.0079761124419724,3.20230013429015e-05,,,
367,0.0064329129740013,0.2222222222222222,0.0371000519603617,0.0020253899332118,0.01032470194093,6.52171008379694e-05,,,
368,0.0074391173907566,0.3888888888888889,0.0546090050538998,0.0037389319091309,0.0140280394194719,0.0001414454224008,,,
369,0.0085250211672548,0.2777777777777778,0.0631268741264318,0.0043965048934358,0.0152116729649096,0.0001587190084892,,,
370,0.0094465450142831,0.0555555555555555,0.0515804293836662,0.0041388884790814,0.0147592762607495,0.0001285990230342,,,
371,0.0098848914928696,0.2777777777777778,0.0460911359813678,0.005195133095855,0.0165356601826653,0.0001757169778507,,,
372,0.0095760564738655,0.2777777777777778,0.0591518685592502,0.0071472247706691,0.0193950953792978,0.0002844688671813,,,
373,0.0084552842274797,0.3888888888888889,0.066817950724529,0.0067615834439729,0.0188645915100401,0.0002843809814732,,,
374,0.0069509588123308,0.3888888888888889,0.0515804293836662,0.0037024533610752,0.0139594400450871,0.0001465501379616,,,
375,0.0058451301958968,0.3333333333333333,0.0291500408259985,0.0017946731712086,0.0097188725012313,6.029093568820652e-05,,,
376,0.0058949422957362,0.2222222222222222,0.0400339846409005,0.0028370735867164,0.0122196424848993,0.0001145693177886,,,
377,0.0073145871411582,0.0555555555555555,0.0546090050538998,0.0044281586528929,0.0152663349148119,0.0001795577966856,,,
378,0.0096109249437531,0.0555555555555555,0.0556500779405426,0.0053363401734854,0.0167588785165002,0.0001884901308563,,,
379,0.0116283149872475,0.2777777777777778,0.0673858086626978,0.0070504403024288,0.0192633279936514,0.0002358580959483,,,
380,0.0123107407550468,0.1666666666666666,0.0833804739211191,0.0089774168776967,0.0217369644877553,0.0003209412872039,,,
381,0.011274649078388,0.1666666666666666,0.0773233225806519,0.0079715883535956,0.0204830974651831,0.0002924395699273,,,
382,0.0090032173257128,0.1666666666666666,0.0529054312393934,0.004556396237032,0.0154858105459431,0.0001587524060508,,,
383,0.0067268043630536,0.3888888888888889,0.0459018500019782,0.0029465734891333,0.0124532250930248,0.0001098329182787,,,
384,0.0054815018670694,0.0555555555555555,0.060666156394367,0.0042144475957806,0.0148933888472998,0.0001917661686381,,,
385,0.0056757690564429,0.1666666666666666,0.057826866703523,0.005142090100691,0.0164510279645073,0.0002384219667069,,,
386,0.00669691710315,0.2222222222222222,0.049782212579465,0.0040031736006128,0.0145152797906438,0.0001658446487142,,,
387,0.007409230130853,0.3333333333333333,0.0380464818573097,0.0025572830214776,0.0116014586684463,7.969715210372791e-05,,,
388,0.0068612970326199,0.3333333333333333,0.0288661118569141,0.0020241891653848,0.0103216409481419,5.945887489252136e-05,,,
389,0.0049435311888042,0.3333333333333333,0.0290553978363037,0.0016721077791024,0.0093811338645358,6.356717196966022e-05,,,
390,0.0025326255565788,0.2777777777777778,0.0250803922691221,0.0013675220791435,0.0084837990470493,6.556065406087919e-05,,,
391,0.0008290517420724,0.2777777777777778,0.0475107808267898,0.0018676285841655,0.0099144460900178,9.760891448083703e-05,,,
392,0.0007194651224258,0.2777777777777778,0.0629375881470422,0.0029404169112173,0.0124402083905742,0.0001542411547385,,,
393,0.002124166337896,0.2222222222222222,0.062085801239789,0.0035075295951525,0.0135870092661153,0.0001800947381664,,,
394,0.0040269885517598,0.2222222222222222,0.0508232854661078,0.0031473883117189,0.012870587259572,0.0001494353796102,,,
395,0.0051477607981456,0.2222222222222222,0.0403179136099849,0.0022484638909939,0.0108784284154078,9.184076355422736e-05,,,
396,0.0047293391594949,0.3333333333333333,0.0252696782485117,0.0013347494038624,0.0083815254354049,4.788331973880774e-05,,,
397,0.0030357277649564,0.5,0.0234714614443104,0.0010138668545218,0.0073048896908775,4.414577033296153e-05,,,
398,0.0010830934512532,0.5,0.0379518388676149,0.0014747377739497,0.0088100952081293,7.64446861521563e-05,,,
399,3.703935462645904e-05,0.5,0.047416137837095,0.0024442608042681,0.0113421913882545,0.000128643933574,,,
400,0.0004056488934377,0.2777777777777778,0.057826866703523,0.00397914171044,0.0144716450715111,0.000209263960051,,,
401,0.0017057446992453,0.1666666666666666,0.0753358197970611,0.0059532487846848,0.0177010983671767,0.0003104193184254,,,
402,0.0029161787253419,0.2222222222222222,0.0877340514470799,0.0069491401356188,0.0191244403228996,0.000357240119306,,,
403,0.0031104459147155,0.4444444444444444,0.0797840403127167,0.0054549090836799,0.0169440396036015,0.0002774256043,,,
404,0.0021540535977996,0.6666666666666666,0.0544197190745102,0.0027114434659477,0.0119460265711805,0.0001380676039371,,,
405,0.0007892020622009,0.6666666666666666,0.0387089827851733,0.0010993759765169,0.0076067005660071,5.723905360591144e-05,,,
406,0.0001017950844176,0.6111111111111112,0.0295286127847777,0.0009467406983076,0.0070589275251745,4.9818095566455685e-05,,,
407,0.0006596906026185,0.5,0.0356804071149397,0.0012913559643599,0.008244155711009,6.753091169617996e-05,,,
408,0.0021490723878156,0.4444444444444444,0.0419268444347965,0.0021881488947193,0.0107315297745018,0.0001105472191729,,,
409,0.0033595064139123,0.4444444444444444,0.048362567734043,0.0033244906390678,0.0132277432515862,0.0001636869081847,,,
410,0.0030506713949082,0.4444444444444444,0.046942922888621,0.0030144173357684,0.0125957748466624,0.0001493469480281,,,
411,0.0007543335923133,0.4444444444444444,0.0380464818573097,0.0015637282560216,0.0090720167084852,8.173246799054318e-05,,,
412,-0.0027823254962818,0.5,0.0370054089706669,0.0018924021386836,0.009979985599303,9.18587773950357e-05,,,
413,-0.0060151307758568,0.2777777777777778,0.058300081651997,0.0040833317787528,0.0146598839996,0.000178730400631,,,
414,-0.0074497192512306,0.2222222222222222,0.0633161601058214,0.004457771702916,0.015317296214129,0.0001791212463892,,,
415,-0.006548120244138,0.1666666666666666,0.0462804219607574,0.002740275709974,0.0120093728964944,0.0001013471586353,,,
416,-0.0040824213020893,0.2222222222222222,0.0514857863939714,0.003280577161071,0.0131400896437521,0.000155995792158,,,
417,-0.0017761210795265,0.3333333333333333,0.0833804739211191,0.0065812531311143,0.0186113337443305,0.0003432271376537,,,
418,-0.0010737704717914,0.3333333333333333,0.0835697599005087,0.0073931018042802,0.0197258870846892,0.0003879576382518,,,
419,-0.0024884341072295,0.3333333333333333,0.0552715059817634,0.0042017515217604,0.0148709386702643,0.0002149525126287,,,
420,-0.0052928553281859,0.2222222222222222,0.0500661415485494,0.00238934285074,0.0112140486391424,9.774056935594608e-05,,,
421,-0.0080624080792548,0.1666666666666666,0.0546090050538998,0.0046062958204281,0.0155703764285837,0.0001774341980913,,,
422,-0.0094920153446447,0.1666666666666666,0.0604768704149774,0.0063981833816489,0.0183506537695798,0.000246648138468,,,
423,-0.0093724663050302,0.2777777777777778,0.0473214948474002,0.004743601619223,0.0158007355245571,0.000161820118478,,,
424,-0.0083463370483392,0.2222222222222222,0.0312321865992841,0.0026708247732893,0.0118562103941336,7.090838278548229e-05,,,
425,-0.0075493434509093,0.3333333333333333,0.0357750501046345,0.0028754751493591,0.0123020647590024,9.434821079490128e-05,,,
426,-0.0077037609604114,0.3333333333333333,0.0441982761874717,0.0036906031731379,0.0139370826312545,0.0001348943393352,,,
427,-0.0085655102876325,0.1111111111111111,0.0484572107237378,0.0036157117950184,0.0137949491043078,0.0001169326543029,,,
428,-0.0091881615356246,0.2222222222222222,0.0443875621668613,0.0036401048896779,0.0138414041151101,0.000107162155473,,,
429,-0.0086352472274076,0.3333333333333333,0.0465643509298418,0.0038980937400474,0.0143235061498066,0.000130595333745,,,
430,-0.0065979323439774,0.4444444444444444,0.0440089902080821,0.003238118084593,0.0130547794929734,0.0001268945563944,,,
431,-0.0038532856428282,0.6666666666666666,0.0479839957752638,0.0022211092371628,0.0108120528192598,0.0001020526759212,,,
432,-0.0017014029297675,0.4444444444444444,0.0453339920638093,0.0022579220923461,0.010901284550929,0.0001159432329309,,,
433,-0.0012680376611649,0.5555555555555556,0.0551768629920686,0.0028600762029119,0.0122690800987298,0.0001489224069589,,,
434,-0.0027723630763139,0.2222222222222222,0.0593411545386398,0.0029827028831723,0.0125293400573305,0.0001492983652453,,,
435,-0.0052679492782663,0.3333333333333333,0.0565965078374906,0.0035128853515772,0.0135973785236196,0.0001571374131162,,,
436,-0.0073202077916482,0.3888888888888889,0.0736322459825547,0.0055166242876475,0.0170396199112037,0.0002367632046053,,,
437,-0.0077685166902026,0.3888888888888889,0.0891536962925019,0.0080957868000062,0.0206420454922857,0.0003657441905396,,,
438,-0.0062940785349572,0.3888888888888889,0.1026876438188584,0.0096534208875948,0.0225405142700343,0.0004684593589534,,,
439,-0.0036141875635992,0.4444444444444444,0.0904786981482291,0.0097473173578244,0.0226498720315014,0.0004999543512985,,,
440,-0.0009392778022251,0.4444444444444444,0.0728751020649963,0.0082414493984226,0.0208269175504639,0.000432878251864,,,
441,0.0007692772222651,0.4444444444444444,0.0622750872191786,0.005324029010878,0.0167395356328695,0.0002796202657594,,,
442,0.0011578116010122,0.3333333333333333,0.0510125714454974,0.0027238298376726,0.0119732813021604,0.0001420189374372,,,
443,0.0005251979330522,0.5555555555555556,0.0398446986615109,0.0025087219434606,0.0114907787823213,0.0001317621641553,,,
444,-0.0004461380138154,0.3333333333333333,0.0702250983535419,0.0042351336498664,0.0149298952121441,0.0002227027319182,,,
445,-0.0012979249210686,0.3333333333333333,0.0803518982508855,0.0051869283036062,0.0165225974503282,0.0002713116174048,,,
446,-0.0018807264891892,0.3333333333333333,0.0689000964978146,0.004217172372837,0.0148982025988249,0.0002184193085484,,,
447,-0.002448584427358,0.5555555555555556,0.0456179210328937,0.0026537729156675,0.0118183018542996,0.0001336766930214,,,
448,-0.003160897455061,0.5555555555555556,0.0360589790737189,0.0018345963529477,0.0098263779077911,8.656643006531451e-05,,,
449,-0.0040624964621535,0.4444444444444444,0.0349232631973813,0.0017796585418543,0.0096781320018361,7.716236153995369e-05,,,
450,-0.0048644712695674,0.2222222222222222,0.0427786313420497,0.0022742411133557,0.0109406078762988,9.603381997048652e-05,,,
451,-0.0052430432283466,0.2777777777777778,0.0426839883523549,0.003226943661973,0.013032234655033,0.0001423496378095,,,
452,-0.0049890015191658,0.5,0.0534732891775622,0.0039076922047829,0.0143411300383912,0.0001807778746198,,,
453,-0.0041421958218965,0.3888888888888889,0.0522429303115298,0.0036504189611822,0.0138609997383461,0.0001749695275194,,,
454,-0.0029516866357356,0.4444444444444444,0.0542304330951206,0.0029980946383799,0.0125616262741563,0.0001490820006559,,,
455,-0.0016017787300887,0.4444444444444444,0.0536625751569518,0.0026373971771999,0.0117817816032791,0.0001362446826472,,,
456,-0.0002020587246025,0.4444444444444444,0.0463750649504522,0.002388956652386,0.0112131423183645,0.0001256937329237,,,
457,0.0012673982206588,0.2222222222222222,0.0496875695897702,0.0025556746121832,0.0115978097119631,0.0001329028918651,,,
458,0.0027667424258238,0.3333333333333333,0.0714554572195743,0.0045302459879246,0.0154413082141525,0.0002307791357136,,,
459,0.0041166503314707,0.3333333333333333,0.0978608513444236,0.0077916996803756,0.0202506655905892,0.0003931426469102,,,
460,0.0050531178084508,0.5555555555555556,0.103823359695196,0.0088722238305722,0.0216092375843639,0.0004414251493914,,,
461,0.0052673098377601,0.2777777777777778,0.0812036851581387,0.0059180448290262,0.0176486839065398,0.0002837314907059,,,
462,0.0047044331095753,0.2777777777777778,0.0393714837130369,0.0020893726231234,0.0104865142046531,8.783528928192298e-05,,,
463,0.0035089427134304,0.5,0.0335982613416541,0.0012403731938213,0.0080797772045278,5.297012070867161e-05,,,
464,0.0021341287578638,0.5555555555555556,0.0575429377344386,0.0027696463284239,0.0120735603444358,0.0001412163538355,,,
465,0.0009486007816869,0.4444444444444444,0.063032231136737,0.0034706360485869,0.0135153636720875,0.0001817652117457,,,
466,0.0001615696042248,0.5555555555555556,0.0504447135073286,0.0024912700066991,0.011450741200324,0.0001310933692997,,,
467,-0.0001671902547149,0.5555555555555556,0.0435357752596081,0.0017304460356586,0.0095433802784931,9.104815455865968e-05,,,
468,-0.0001522466247631,0.5,0.0546090050538998,0.0024308092461348,0.0113109384554926,0.0001279141497091,,,
469,0.0001167387143694,0.2777777777777778,0.0754304627867559,0.0039494333999119,0.0144175211386992,0.0002078512878574,,,
470,0.0005251979330522,0.2222222222222222,0.0848947617562359,0.0051567851262348,0.0164745180046654,0.0002711339106171,,,
471,0.0010581874013335,0.3333333333333333,0.0869769075295215,0.0055117798431794,0.0170321365646478,0.0002889739153804,,,
472,0.0016210641295183,0.3333333333333333,0.0849894047459307,0.0053217793383295,0.0167359986073662,0.0002774658004737,,,
473,0.0020195609282333,0.4444444444444444,0.0784590384569895,0.0051138238103008,0.016405749650497,0.0002650699952519,,,
474,0.002124166337896,0.4444444444444444,0.0763768926837039,0.0050484531397371,0.0163005539778919,0.0002611959773551,,,
475,0.0019199367285545,0.4444444444444444,0.0725911730959119,0.0049439673546998,0.0161309890627357,0.0002565226511004,,,
476,0.0015164587198557,0.5,0.0810143991787491,0.0047918302354805,0.0158808561274598,0.000249901944292,,,
477,0.0012424921707391,0.6111111111111112,0.0769447506218727,0.004382539846372,0.0151874945897708,0.0002291162051199,,,
478,0.0013670224203376,0.6111111111111112,0.0609500853634514,0.0033165155101756,0.0132118676917376,0.0001726846976062,,,
479,0.0020095985082654,0.5555555555555556,0.0496875695897702,0.0021040821280574,0.0105233628006736,0.0001067026784701,,,
480,0.002990896875101,0.5555555555555556,0.0442929191771665,0.0023721564029278,0.0111736447498657,0.0001159048728787,,,
481,0.0040618570216474,0.5,0.0737268889722495,0.004755879612674,0.0158211710470064,0.0002338107708343,,,
482,0.0049186251388845,0.3888888888888889,0.0909519130967032,0.0074075605623691,0.0197451667135464,0.0003656787352888,,,
483,0.0053719152474228,0.3888888888888889,0.0952108476329692,0.0080342413916815,0.0205634338107356,0.000393997336663,,,
484,0.0055562200168285,0.1666666666666666,0.0856519056737943,0.0065604142370518,0.0185818448988478,0.0003144133789694,,,
485,0.0056807502664269,0.2222222222222222,0.0726858160856067,0.0048247245748063,0.0159352713299218,0.0002216619487687,,,
486,0.0057704120461377,0.3333333333333333,0.0626536591779578,0.004066944772169,0.0146304383000305,0.0001807520696687,,,
487,0.0057704120461377,0.4444444444444444,0.0646411619615486,0.0042505155861126,0.0149569832064325,0.0001904136914552,,,
488,0.0053121407276155,0.4444444444444444,0.0698465263947627,0.0047689260450982,0.0158428566753836,0.0002227772685267,,,
489,0.0041814060612619,0.5555555555555556,0.0781751094879051,0.0051325616650045,0.0164357787912202,0.0002526506678247,,,
490,0.0023831892570607,0.5555555555555556,0.0792161823745479,0.0049499621715843,0.0161407659304083,0.0002548447337852,,,
491,0.0004106301034217,0.7222222222222222,0.0682375955699511,0.0043824980949452,0.0151874222457532,0.0002304891773889,,,
492,-0.000949240222193,0.7222222222222222,0.0511072144351922,0.0040589648457595,0.0146160777476102,0.0002127286717247,,,
493,-0.0009193529622894,0.7222222222222222,0.0656822348481914,0.0042222229790211,0.0149071211859883,0.0002213770521844,,,
494,0.0008489765820081,0.8333333333333334,0.0733483170134703,0.0043757267111543,0.0151756846913155,0.0002295806446134,,,
495,0.0040220073417759,0.7777777777777778,0.0680483095905614,0.0046820144666501,0.0156978283222303,0.0002302452709769,,,
496,0.0076084785302104,0.4444444444444444,0.063978661033685,0.0066171040698807,0.0186619568978411,0.0002903796897122,,,
497,0.0104278433811187,0.2777777777777778,0.0951162046432744,0.0108783400326592,0.0239278961098802,0.000463804294664,,,
498,0.0114838598977133,0.1666666666666666,0.1148019464997929,0.0149971170195721,0.0280948740591327,0.0006574429102482,,,
499,0.0105374300007653,0.2777777777777778,0.1214269557784289,0.0150041331231784,0.0281014451053569,0.0006786537859883,,,
